record_id,cigar_S_len,tail_seq
m54313U_200903_184952/872/ccs,101,TAATTTTTTTTTTTCTTTTTTATAAAAAAAAAAAAAAAAAAAAAAAAAAAAAAAAAAAAAAAAAAAAAAAAAAAAAAAAAAAAAAAAAAAAAAAAAAAAAA
m54313U_200903_184952/262440/ccs,100,TTTTTTTTTATTTTTTTTTTTCTTTTTTAAAAAAAATAAAAAAAAAAAAAAAAAAAAAAAAAAAAAAAAAAAAAAAAAAAAAAAAAAAAAAAAAAAAAAA
m54313U_200903_184952/657381/ccs,44,TTTTATTTTTTTTATTTTTTTAAAAAAAAAAAAAAAAAAAAAAA
m54313U_200903_184952/1182211/ccs,52,TTTTATTTTTTTTTTTTTTTTTAAAAAAAAAAAAAAAAAAAAAAAAAAAAAA
m54313U_200903_184952/1245628/ccs,96,TTTTATTTTTATTTTATTAAAAAAAAAAAAAAAAAAAAAAAAAAAAAAAAAAAAAAAAAAAAAAAAAAAAAAAAAAAAAAAAAAAAAAAAAAAAAA
m54313U_200903_184952/1248034/ccs,49,AAAAAAAAAAAAAAAAAAAAAAAAAAAAAAAAAAAAAAAAAAAAAAAAA
m54313U_200903_184952/1312903/ccs,105,TTTTTTTTCTTTTTTTATTAAAAAAAAAAAAAAAAAAAAAAAAAAAAAAAAAAAAAAAAAAAAAAAAAAAAAAAAAAAAAAAAAAAAAAAAAAAAAAAAAAAAAA
m54313U_200903_184952/1967547/ccs,101,TTTATTTTTTTTTTTTTATTTAGTATTTTTTTTTTTTTAAAAAAAAAAAAAAAAAAAAAAAAAAAAAAAAAAAAAAAAAAAAAAAAAAAAAAAAAAAAAAA
m54313U_200903_184952/2360577/ccs,10,AAAAAAAAAA
m54313U_200903_184952/2427562/ccs,122,TTTCTTTTTTTTTTTTTTTTTTTTAAAAAAAAAAAAAAAAAAAAAAAAAAAAAAAAAAAAAAAAAAAAAAAAAAAAAAAAAAAAAAAAAAAAAAAAAAAAAAAAAAAAAAAAAAAAAAAAAA
m54313U_200903_184952/2490983/ccs,67,TTTTTATTTTTTTTTTTAAAAAAAAAAAAAAAAAAAAAAAAATAAAAAAAAAAAAAAAAAAAAAAAA
m54313U_200903_184952/2886465/ccs,57,TTTTTTTATTTTTTTTTTTAAAGTATATTTTTTTATATAAAAAAAAAAAAAAAAAAA
m54313U_200903_184952/3277643/ccs,31,ATTTTTTTTATTTTTTAAAAAAAAAAAAAAA
m54313U_200903_184952/4262197/ccs,94,AAAAAAAAAAAAAAAAAAAAAAAAAAAAAAAAAAAAAAAAAAAAAAAAAAAAAAAAAAAAAAAAAAAAAAAAAAAAAAAAAAAAAAAAAAAAAA
m54313U_200903_184952/4327203/ccs,101,TTTTTTTTTATTCTTTATTTTATAAAAAAAAAAAAAAAAAAAAAAAAAAAAAAAAAAAAAAAAAAAAAAAAAAAAAAAAAAAAAAAAAAAAAAAAAAAAAA
m54313U_200903_184952/4784148/ccs,83,ATTTTTTTTTAGAAATAAATTTTTAAAAAAAAAAAAAAAAAAAAAAAAAAAAAAAAAAAAAAAAAAAAAAAAAAAAAAAAAAA
m54313U_200903_184952/5114179/ccs,65,TTTAATTTTTTTTTATTTTTTTAAATATAAAAAAAAAAAAAAAAAAAGAAAAAAAAAAAAAAAAA
m54313U_200903_184952/5177393/ccs,47,ATTTAAAAAAAAAAAAAAAAAAAAAAAAAAAAAAAAAAAAAAAAAAA
m54313U_200903_184952/5506825/ccs,70,AAAAAAAAAAAAAAAAAAAAAAAAAAAAAAAAAAAAAAAAAAAAAAAAAAAAAAAAAAAAAAAAAAAAAA
m54313U_200903_184952/25823660/ccs,39,AAAAAAAAAAAAAAAAAAAAAAAAAAAAAAAAAAAAAAA
m54313U_200903_184952/25888267/ccs,66,TTTTTTTTATTTTTTTTTATTTAAAAAAAAAAAAAAAAAAAATTAAAAAAAAAAAAAAAAAAAAAA
m54313U_200903_184952/26150432/ccs,74,TTTTTTTTTTTATTTTTTTTATATAAATAAAAAAAAAAAAAAAAAAAAAAAAAAAAAAAAAAAAAAAAAAAAAA
m54313U_200903_184952/27461521/ccs,93,TTTTTTTTTTTATTTTAAATAAAAAAAAAAAAAATTTTTCTTTTTTTTTTTTTTTAAAAAAAAAAAAAAAAAAAAAAAAAAAAAAAAAAAAAA
m54313U_200903_184952/27461871/ccs,57,AAAAAAAAAAAAAAAAAAAAAAAAAAAATAAAAAAAAAAAAAAAAAAAAAAAAAAAA
m54313U_200903_184952/27920563/ccs,68,TTTTTATTTTTCAAAAAAAAAAAAAAAAAAAAAAAAAATAAAAAAAAAAAAAAAAAAAAAAAAAAAAA
m54313U_200903_184952/28051260/ccs,26,AAAAAAAAAAAAAAAAAAAAAAAAAA
m54313U_200903_184952/28771345/ccs,463,AAAAAAAAAAAAAAAAAAAAAAAAAAAAAAAAAAAAAAAAAAAAAAAAAAAAAAAAAAAAAAAAAAAAAAAAAAAAAAAAAAAAAAAAAAAAAAAAAAAAAAAAAAAAAAAAAAAAAAAAAAAAAAAAAAAAAAAAAAAAAAAAAAAAAAAAAAAAAAAAAAAAAAAAAAAAAAAAAAAAAAAAAAAAAAAAAAAAAAAAAAAAAAAAAAAAAAAAAAAAAAAAAAAAAAAAAAAAAAAAAAAAAAAAAAAAAAAAAAAAAAAAAAAAAAAAAAAAAAAAAAAAAAAAAAAAAAAAAAAAAAAAAAAAAAAAAAAAAAAAAAAAAAAAAAAAAAAAAAAAAAAAAAAAAAAAAAAAAAAAAAAAAAAAAAAAAAAAAAAAAAAAAAAAAAAAAAAAAAAAAAAAAAAAAAAAAAAAAAAAAAAAAAAAAAAAAAGAAAAAAAAAAAAAAAAAAAAAAAAAAAA
m54313U_200903_184952/29231847/ccs,98,TTTTTATTTTTTTTTTTTTTAAAAAAAAAAAAAAAAAAAAAAAAAAAAAAAAAAAAAAAAAAAAAAAAAAAAAAAAAAAAAAAAAAAAAAAAAAAAAA
m54313U_200903_184952/29624999/ccs,302,AAAAAAAAAAAAAAAAAAAAAAAAAAAAAAAAAAAAAAAAAAAAAAAAAAAAAAAAAAAAAAAAAAAAAAAAAAAAAAAAAAAAAAAAAAAAAAAAAAAAAAAAAAAAAAAAAAAAAAAAAAAAAAAAAAAAAAAAAAAAAAAAAAAAAAAAAAAAAAAAAAAAAAAAAAAAAAAAAAAAAAAAAAAAAAAAAAAAAAAAAAAAAAAAAAAAAAAAAAAAAAAAAAAAAAAAAAAAAAAAAAAAAAAAAAAAAAAAAAAAAAAAAAAAAAAAAAAAAAAAAAAAAAAAAAAAAAAAAAAAAA
m54313U_200903_184952/29887189/ccs,91,AAAAAAAAAAAAAAAAAAAAAAAAAAAAAAAAAAAAAAATAAAAAAAAAAAAAAAAAAAAAAAAAAAAAAAAAAAAAAAAAAAAAAAAAAA
m54313U_200903_184952/30149123/ccs,295,AAAAAAAAAAAAAAAAAAAAAAAAAAAAAAAAAAAAAAAAAAAAAAAAAAAAAAAAAAAAAAAAAAAAAAAAAAAAAAAAAAAAAAAAAAAAAAAAAAAAAAAAAAAAAAAAAAAAAAAAAAAAAAAAAAAAAAAAAAAAAAAAAAAAAAAAAAAAAAAAAAAAAAAAAAAAAAAAAAAAAAAAAAAAAAAAAAAAAAAAAAAAAAAAAAAAAAAAAAAAAAAAAAAAAAAAAAAAAAAAAAAAAAAAAAAAAAAAAAAAAAAAAAAAAAAAAAAAAAAAAAAAAAAAAAAAAAA
m54313U_200903_184952/30476130/ccs,54,TATTTTTATTTTATTTAAAAAAAAAAAAAAAAAAAAAAAAAAAAAAAAAAAAAA
m54313U_200903_184952/32047769/ccs,325,AAAAAAAAAAAAAAAAAAAAAAAAAAAAAAAAAAAAAAAAAAAAAAAAAAAAAAAAAAAAAAAAAAAAAAAAAAAAAAAAAAAAAAAAAAAAAAAAAAAAAAAAAAAAAAAAAAAAAAAAAAAAAAAAAAAAAAAAAAAAAAAAAAAAAAAAAAAAAAAAAAAAAAAAAAAAAAAAAAAAAAAAAAAAAAAAAAAAAAAAAAAAAAAAAAAAAAAAAAAAAAAAAAAAAAAAAAAAAAAAAAAAAAAAAAAAAAAAAAAAAAAAAAAAAAAAAAAAAAAAAAAAAAAAAAAAAAAAAAAAAAAAAAAAAAAAAAAAAAAAAAAAA
m54313U_200903_184952/33031639/ccs,50,TATTTTTTTTTTTATTTATAAAAAAAAAAAAAAAAAAAAAAAAAAAAAAA
m54313U_200903_184952/33161422/ccs,100,TTTTTTTTATTTTTTATTTAAAAAAATTAAAAAAAAAAAAAAAAAAAAAAAAAAAAAAAAAAAAAAAAAAAAAAAAAAAAAAAAAAAAAAAAAAAAAAAA
m54313U_200903_184952/33229259/ccs,57,TTAATTTTTTTTTTTTTTTTTTTAAAAAAAAAATAAAAAAAAAAAAAAAATAAAAAA
m54313U_200903_184952/33490080/ccs,43,AAAAAAAAAAAAAAAAAAAAAAAAAAAAAAAAAAAAAAAAAAA
m54313U_200903_184952/33751197/ccs,92,TTTTTTTTTTTTTTAAAAAAAAAAAATTAAAAAAAAAAAAAGAAAAAAAAAAAAAAAAAAAAAAAAAAAAAAAAAAGAAAAAAAAAAAAAAA
m54313U_200903_184952/34013817/ccs,33,AAAAAAAAAAAAAAAAAAAAAAAAAAAAAAAAA
m54313U_200903_184952/34473427/ccs,47,AAAAAAAAAAAAAAAAAAAAAAAAAAAAAAAAAAAAAAAAAAAAAAA
m54313U_200903_184952/34669624/ccs,127,AAAAAAAAAAAAAAAAAAAAAAAAAAAAAAAAAAAAAAAAAAAAAAAAAAAAAAAAAAAAAAAAAAAAAAAAAAAAAAAAAAAAAGAAAGAGAAAAAAAATTGTAAAAAAAAAAAAAAAAAAAAAAA
m54313U_200903_184952/34736371/ccs,57,AAAAAAAAAAAAAAAAAAAAAAAAAAAAAAAAAAAAAAAAAAAAAAAAAAAAAAAAA
m54313U_200903_184952/35192991/ccs,57,TAAATTTTTTTTTATTTTTTAGAAAAAAAAAAAAAAAAAAAAAAAAAAGAAAAAAAA
m54313U_200903_184952/35193504/ccs,111,TTTTTTTTTTATTTTTTTTATTAAATATTTAAAAAATAAAAAAAAAAAAAAAAAAAAAAAAAAAAAAAAAAAAAAAAAAAAAAAAAAAAAAAAAAAAAAAAAAAAAAAAAA
m54313U_200903_184952/35521509/ccs,20,TTCTAAAAAAAAAAAAAAAA
m54313U_200903_184952/35783161/ccs,275,AAAAAAAAAAAAAAAAAAAAAAAAAAAAAAAAAAAAAAAAAAAAAAAAAAAAAAAAAAAAAAAAAAAAAAAAAAAAAAAAAAAAAAAAAAAAAAAAAAAAAAAAAAAAAAAAAAAAAAAAAAAAAAAAAAAAAAAAAAAAAAAAAAAAAAAAAAAAAAAAAAAAAAAAAAAAAAAAAAAAAAAAAAAAAAAAAAAAAAAAAAAAAAAAAAAAAAAAAAAAAAAAAAAAAAAAAAAAAAAAAAAAAAAAAAAAAAAAAAAAAAAAAAAGAAAAAAA
m54313U_200903_184952/36045571/ccs,59,AATGTTTTTTTTTTATTTATATAAAAAAAAAAAAAAAAAAAAAAAAAAAAAAAAAAAAA
m54313U_200903_184952/36244099/ccs,79,TTCTTTTCTTTTTTTTTTTTTTAAAAAAAAAAAAATAAAAAAAAAAAAAAAAAAAAAAAAAAAAAAAAAAAAAAAAAAA
m54313U_200903_184952/36571596/ccs,31,AAAAAAAAAAAAAAAAAAAAAAAAAAAAAAA
m54313U_200903_184952/37617958/ccs,39,AAAAAAAAAAAAAAAAAAAAAAAAAAAAAAAAAAAAAAA
m54313U_200903_184952/37619948/ccs,100,TTTTTTTTATTTCTTAAAAAAAAAAAAAAAAAAAAAAAAAAAAAAAAAAAAAAAAAAAAAAAAAAAAAAAAAAAAAAAAAAAAAAAAAAAAAAAAAAAAA
m54313U_200903_184952/37685299/ccs,78,ATTCTTCATTTTTTTATTTTTTAAATTTGAATTTTATTTATTAAAAAAAAAAAAAAAAAAAAAAAAAAAAAAAAAAAA
m54313U_200903_184952/38077659/ccs,185,TTTATTTTTTTTTTCTTTTTTAAAAGAAAAAAAAAAAAAAAAAAAAAAAAAAAAAAAAAAAAAAAAAAAAAAAAAAAAAAAAAAAAAAAAAAAAAAAAAAAAAAAAAAAAAAAAAAAAAAAAAAAAAAAAAAAAAAAAAAAAAAAAAAAAAAAAAAAAAAAAAAAAAAAAAAAAAAAAAAAAAAA
m54313U_200903_184952/38209652/ccs,91,TTTTTTTTTTTCTAATTTTTATTTTTTTAAAAAAAAAAAAAAAAAAAAAAAAAAAAAAAAAAAAAAAAAAAAAAAAAAAAAAAAAAAAAAA
m54313U_200903_184952/38273024/ccs,45,AAAAAAAAAAAAAAAAAAAAAAAAAAAAAAAAAAAAAAAAAAAAA
m54313U_200903_184952/38864194/ccs,74,TTTTTTTCTTTTTTGAATTTTTTATTAAAAAAAAAAAAAAAAAATAAAAAAAAAAAAAAAAAAAAAAAAAAAAA
m54313U_200903_184952/39258309/ccs,264,AAAAAAAAAAAATAAAATAAAAAAAAAAAAAAAAAAAAAAAAAAAAAAAAAAAAAAAAAAAAAAAAAAAAAAAAAAAAAAAAAAAAAAAAAAAAAAAAAAAAAAAAAAAAAAAAAAAAAAAAAAAAAAAAAAAAAAAAAAAAAAAAAAAAAAAAAAAAAAAAAAAAAAAAAAAAAAAAAAAAAAAAAAAAAAAAAAAAAAAAAAAAAAAAAAAAAAAAAAAAAAAAAAAAAAAAAAAAAAAAAAAAAAAAAAAAAAAAAAAAAA
m54313U_200903_184952/39586130/ccs,60,TTATTTTTATTTTATTTAAAAAAAAAAATAAAAAAAAAAAAAAAAAAAAAAAAAAAAAAA
m54313U_200903_184952/39650451/ccs,82,AAAAAAAAAAAAAAAAAAAAAAAAAAAAAAAAAAAAGAAAAAAAAAACTAAAAAAAAAAAAAAAAAAAAAAAAAAAAAAAAA
m54313U_200903_184952/39652157/ccs,36,TATGTTCTTTTATCTTATTAAAAAAAAAAAAAAAAA
m54313U_200903_184952/39716131/ccs,60,TCTTTTTTTTTCTTCTTTTAAAAAAAAAAAAAAAAAAAAAAAAAAAAAAAAAAAAAAAAA
m54313U_200903_184952/39782552/ccs,73,AAAAAAAAAAAAAAAAAAAAAAAAAAAAAAAAAAAAAAAAAAAAAAAAAAAAAAAAAAAAAAAAAAAAAAAAA
m54313U_200903_184952/40305827/ccs,78,TTTTTTTTATTTTTTTTTATTTTAAAGAAAAAAAAAAAAAAAAAAAAAAAAAAAAAAAAAAAAAAAAAAAAAAAAAAA
m54313U_200903_184952/40306770/ccs,72,AAAAAAAAAAAAAAAAAAAAAAAAAAAAAAAAAAAAAAAAAAAAAAAAAAAAAAAAAAAAAAAAAAAAAAAA
m54313U_200903_184952/40831097/ccs,150,TTTTTTTTTTTTTTTTTTTAAAAAAAAAAAAAAATTTTTTTCTTCTATATTTTTTTTTTATTTAAAAAAAAAAAAAAAAAAAAAAAAAAAAAAAAAAAAAAAAAAAAAAAAAAAAAAAAAAAAAAAAAAAAAAAAAAAAAAAAAAAAAAA
m54313U_200903_184952/41026419/ccs,215,AAAAAAAAAAAAAAAAAAAAAAAAAAAAAAAAAAAAAAAAAAAAAAAAAAAAAAAAAAAAAAAAAAAAAAAAAAAAAAAAAAAAAAAAAAAAAAAAAAAAAAAAAAAAAAAAAAAAAAAAAAAAAAAAAAAAAAAAAAAAAAAAAAAAAAAAAAAAAAAAAAAAAAAAAAAAAAAAAAAAAAAAAAAAAAAAAAAAAAAAAAAAAAAAAAAAAAA
m54313U_200903_184952/41747208/ccs,121,TTTTTTTTTATTTTTTTATATAAAAAAAAAAAAAAATAAAAAAAAAAAAAAAAAAAAAAAAAAAAAAAAAAAAAAAAAAAAAAAAAAAAAAAAAAAAAAAAAAAAAAAAAAAAAAAAAAAA
m54313U_200903_184952/42142091/ccs,39,AAAAAAAAAAAAAAAAAAAAAAAAAAAAAAAAAAAAAAA
m54313U_200903_184952/42401973/ccs,67,TTTTTTTTTTTAAAAAAAATAAATAAAAAAAAAAAAAAAAAAAAAAAAAAAAAAAAAAAAAAAAAAA
m54313U_200903_184952/43190728/ccs,88,TCTTTTTTTTATTTCTTTTTAAAAAAAAAAAAAAAAAAAAAAAAAAAAAAAAAAAAAAAAAAAAAAAAAAAAAAAAAAAAAAAAAAAA
m54313U_200903_184952/43255803/ccs,299,AAAAAAAAAAAAAAAAAAAAAAAAAAAAAAAAAAAAAAAAAAAAAAAAAAAAAAAAAAAAAAAAAAAAAAAAAAAAAAAAAAAAAAAAAAAAAAAAAAAAAAAAAAAAAAAAAAAAAAAAAAAAAAAAAAAAAAAAAAAAAAAAAAAAAAAAAAAAAAAAAAAAAAAAAAAAAAAAAAAAAAAAAAAAAAAAAAAAAAAAAAAAAAAAAAAAAAAAAAAAAAAAAAAAAAAAAAAAAAAAAAAAAAAAAAAAAAAAAAAAAATTAAAAAAAAAAAAAAAAAAAAAAAAAAAAAAAAAAA
m54313U_200903_184952/43321167/ccs,55,AAAAATTTAAAATTTAAAAAAAAAAAAAAAAAAAAAAAAAAAAAAAAAAAAAAAA
m54313U_200903_184952/43583378/ccs,243,AAAAAAAAAAAAAAAAAAAAAAAAAAAAAAAAAAAAAAAAAAAAAAAAAAAAAAAAAAAAAAAAAAAAAAAAAAAAAAAAAAAAAAAAAAAAAAAAAAAAAAAAAAAAAAAAAAAAAAAAAAAAAAAAAAAAAAAAAAAAAAAAAAAAAAAAAAAAAAAAAAAAAAAAAAAAAAAAAAAAAAAAAAAAAAAAAAAAAAAAAAAAAAAAAAAAAAAAAAAAAAAAAAAAAAAAAAAAAAAAAAA
m54313U_200903_184952/43910635/ccs,69,TTTTTTATTTTTTTTTTTTAAAAAAAAAAAAAAAAAAAAAAAAAATAAAAAAAAAAAAAAAAAAAAAAA
m54313U_200903_184952/44238581/ccs,63,TCTTTAAAAAAAAAAAAAAAAAAAAAAAAAAAAAAAAAAAAAAAAAAAAAAAAAAAAAAAAAA
m54313U_200903_184952/44501812/ccs,73,AAAAAAAAAAAAAAAAAAAAAAAAAAAAAAAAAAAAAAAAAAAAAAAAAAAAAAAAAAAAAAAAAAAAAAAAA
m54313U_200903_184952/44763370/ccs,295,AAAAAAAAAAAAAAAAAAAAAAAAAAAAAAAAAAAAAAAAAAAAAAAAAAAAAAAAAAAAAAAAAAAAAAAAAAAAAAAAAAAAAAAAAAAAAAAAAAAAAAAAAAAAAAAAAAAAAAAAAAAAAAAAAAAAAAAAAAAAAAAAAAAAAAAAAAAAAAAAAAAAAAAAAAAAAAAAAAAAAAAAAAAAAAAAAAAAAAAAAAAAAAAAAAAAAAAAAAAAAAAAAAAAAAAAAAAAAAAAAAAAAAAAAAAATAAAAAAAAAAAAAAAAAAAAAAAAAAAAAAAAAAAAAAAAAA
m54313U_200903_184952/44959854/ccs,87,TTTTTTATTTTTTTTATTTATTAAAAATAAAAAAAAAAAAAAAAAAAAAAATAAAAAAAAAAAAAAAAAAAAAAAAAAAAAAAAAAA
m54313U_200903_184952/45286714/ccs,76,TTTTTTCTTTTCTTTTTTATTTTAAAAAAAAAAAAAAATAAAAAAAAAAAAAAAAAAAAAAAAAAAAAAAAAAAAA
m54313U_200903_184952/45482992/ccs,61,AAAAATTATTTTTTTTATTAAAAAAAAAAAAAAAAAAAAAAAAAAAAAAAAAAAAAAAAAA
m54313U_200903_184952/45810529/ccs,1118,AAAAAAAAAAAAAAAAAAAAAAAAAAAAAAAAAAAAAAAAAAAAAAAAAAAAAAAAAAAAAAAAAAAAAAAAAAAAAAAAAAAAAAAAAAAAAAAAAAAAAAAAAAAAAAAAAAAAAAAAAAAAAAAAAAAAAAAAAAAAAAAAAAAAAAAAAAAAAAAAAAAAAAAAAAAAAAAAAAAAAAAAAAAAAAAAAAAAAAAAAAAAAAAAAAAAAAAAAAAAAAAAAAAAAAAAAAAAAAAAAAAAAAAAAAAAAAAAAAAAAAAAAAAAAAAAAAAAAAAAAAAAAAAAAAAAAAAAAAAAAAAAAAAAAAAAAAAAAAAAAAAAAAAAAAAAAAAAAAAAAAAAAAAAAAAAAAAAAAAAAAAAAAAAAAAAAAAAAAAAAAAAAAAAAAAAAAAAAAAAAAAAAAAAAAAAAAAAAAAAAAAAAAAAAAAAAAAAAAAAAAAAAAAAAAAAAAAAAAAAAAAAAAAAAAAAAAAAAAAAAAAAAAAAAAAAAAAAAAAAAAAAAAAAAAAAAAAAAAAAAAAAAAAAAAAAAAAAAAAAAAAAAAAAAAAAAAAAAAAAAAAAAAAAAAAAAAAAAAAAAAAAAAAAAAAAAAAAAAAAAAAAAAAAAAAAAAAAAAAAAAAAAAAAAAAAAAAAAAAAAAAAAAAAAAAAAAAAAAAAAAAAAAAAAAAAAAAAAAAAAAAAAAAAAAAAAAAAAAAAAAAAAAAAAAAAAAAAAAAAAAAAAAAAAAAAAAAAAAAAAAAAAAAAAAAAAAAAAAAAAAAAAAAAAAAAAAAAAAAAAAAAAAAAAAAAAAAAAAAAAAAAAAAAAAAAAAAAAAAAAAAAAAAAAAAAAAAAAAAAAAAAAAAAAAAAAAAAAAAAAAAAAAAAAAAAAAAAAAAAAAAAAAAAAAAAAAAAAAAAAAAAAAAAAAAAAAAAAAAAAAAAAAAAAAAAAAAAAAAAAAAAAAAAAAAAAAAAAAAAAAAAAAAAAAAAAAAAAAAAAAAAAAAAAAAAAAAAAAAAAAAAAAAAAAAAAAAAAAAAAAAAAAAAAAAAAAAAAAAAAAAAAAAAAAAAAAAAAAAAAAAAAAAAAAAAAAAAAAAAAAAAAAAAAAAAAAAAAAAAAAAAAAAAAAAAAAAAAA
m54313U_200903_184952/46007665/ccs,76,TTTTTTTTTTTTTTTTTTTTAAAAAAAAAAAAAAAAAAAAAAAAAAAAAAAAAAAAAAAAATTAAAAAAAAAAAAA
m54313U_200903_184952/46008077/ccs,100,TTTATTTTTTTTTTTTTTTTATTAAAAAAAAAAAAAAAAAAAAAAAAAAAAAAAAAAAAAAAAAAAAAAAAAAAAAAAAAAAAAAAAAAAAAAAAAAAAA
m54313U_200903_184952/46073532/ccs,111,TATTTTTTTTTTTTTTAAAAAAAAAAAAAAAAAAAAAAAAAAAAAAAAAAAAAAAAAAAAAAAAAAAAAAAAAAAAAAAAAAAAAAAAAAAAAAAAAATAAAAAAAAAAAA
m54313U_200903_184952/46073532/ccs,0,
m54313U_200903_184952/46399902/ccs,68,ATTCTTATTTTTTTTTTTTTTTTTAAAAAATATAAAAAAAAAAAAAAAAAAAAAAAAAAAAAAAAAAA
m54313U_200903_184952/47055820/ccs,26,AATATTTAAAAAAAAAAAAAAAAAAA
m54313U_200903_184952/47385232/ccs,98,TTATTTTTTTTTTTTTTTTTTTTTTAAAAAAAAAAAAAAAAAAAAAAAAAATTTATAAAAAAATAAAAAAAAAAAAAAAAAAAAAAAAAAAAAAAAAA
m54313U_200903_184952/47579581/ccs,55,AAAAAAAAAAAAAAAAAAAAAAAAAAAAAAAAAAAAAAAAAAAAAAAAAAAAAAA
m54313U_200903_184952/49087775/ccs,65,AAAAAAAAAAAAAAAAAAAAAAAAAAAAAAAAAAAAAAAAAAAAAAAAAAAAAAAAAAAAAAAAA
m54313U_200903_184952/49350701/ccs,72,TTTTCTTTTTATTTTTTTTTTTTAAAAAAAAAAAAAAAAAAAAAAAAAAAAAAAAAAAAAAAAAAAAAAAAA
m54313U_200903_184952/49416241/ccs,0,
m54313U_200903_184952/49809130/ccs,107,TATTTTTTTTTTTTTTTTTTTATTAGAAAAAAAAAAAAAAAAAAAAAAAAAAAAAAAAAAAAAAAAAAAAAAAAAAAAAAAAAAAAAAAAAAAAAAAAAAAAAAAAA
m54313U_200903_184952/50004793/ccs,133,TCTTTTTTTTTTTTTATTATTTTTTTTTTTTTTTTAAAAAAAAAAACTTTTTTAAAAAAATCTATAAAAAAAAAAAAAAAAAAAAGAAAAAAAAATTTAAAAAAAAAAAAAAAAAAAAAGAAAAAAAAAAAAA
m54313U_200903_184952/50530674/ccs,46,AAAAAAAAAAAAAAAAAAAAAAAAAAAAAAAAAAAAAAAAAAAAAA
m54313U_200903_184952/5637746/ccs,77,TTTTTATCATTTTTTTATTTAAATTTTATTAAAAAAAAAAAAAAAAAAAAAAAAAAAAAAAAAAAAAAAAAAAAAAA
m54313U_200903_184952/5769994/ccs,54,TTTTTTATTTTTTTTTTATTTAATTAAAAAAAAAAAAAAAAAAAAAAAAAAAAA
m54313U_200903_184952/5834864/ccs,255,GAAAAAAAAAAAAAAAAAAAAAAAAAAAAAAAAAAAAAAAAAAAAAAAAAAAAAAAAAAAAAAAAAAAAAAAAAAAAAAAAAAAAAAAAAAAAAAAAAAAAAAAAAAAAAAAAAAAAAAAAAAAAAAAAAAAAAAAAAAAAAAAAAAAAAAAAAAAAAAAAAAAAAAAAAAAAAAAAAAAAAAAAAAAAAAAAAAAAAAAAAAAAAAAAAAAAAAAAAAAAAAAAAAAAAAAAAAAAAAAAAAAAAAAAAAAAAA
m54313U_200903_184952/6424986/ccs,79,TTTTTTGTTTTTTTTTTTTTTAAAAAAAAAAAAAAAAAAAAAAAAAAAAAAAAAAAAAAAAAAAAAAAAAAAAAAAAAA
m54313U_200903_184952/6947206/ccs,77,AATTTTTTTTTTTTCTTTTTTTTAATAAAAAAAAAAAAAAAAAAAAAAAAAAAAAAAAAAAAAAAAAAAAAAAAAAA
m54313U_200903_184952/6948354/ccs,75,TTTTATTTTTTTTTTTTATTTAAAAAATTAAAAAAAAAAAAAAAAAAAAAAAAAAAAAAAAAAAAAAAAAAAAAA
m54313U_200903_184952/7669483/ccs,57,TTTTTTTGAAAAAAAAAAAAAAAAAAAAAAAAAAAAAAAAAAAAAAAAAAAAAAAAA
m54313U_200903_184952/7669941/ccs,61,AAAAAAAAAAAAAAAAAAAAAAAAAAAAAAAAAAAAAAAAAAAAAAAAAAAAAAAAAAAAA
m54313U_200903_184952/7801095/ccs,83,AAAAAAAAAAAAAAAAAAAAAAAAAAAAAAAAATTAAAAAATAAAAAAAAAAAAAAAAAAAAAAAAAAAAAAAAAAAAAAAAA
m54313U_200903_184952/8192199/ccs,69,AATTAAAAATAAAAAAAAAAAAAAAAAAAAAAAAAAAAAAAAAAAAAAAAAAAAAAAAAAAAAAAAAAA
m54313U_200903_184952/8389947/ccs,91,AAAAAAAAAATAAAAAAAAAAAAAATTAAATAAAAAAAAAAAAAAAAAAAAAAAAAAAAAAAAAAAAAAAAAAAAAAAAAAAAAAAAAAAA
m54313U_200903_184952/50857263/ccs,41,TTTTTTTTTTTTTTCTTTTTAAAAAAAAAAAAAAAAAAAAA
m54313U_200903_184952/51186288/ccs,41,AAAAAAAAAAAAAAAAAAAAAAAAAAAAAAAAAAAAAAAAA
m54313U_200903_184952/51249476/ccs,102,TTTTTTTTATTTTTTTTTTTTTAAAAAAAAAAAAAAAATAAAAAATATTTTAAAAAAAAATAAAAAAAAAAAAAAAAAAATAAAAAAAAAAAAAAAAAAAAA
m54313U_200903_184952/52036745/ccs,49,TTTTTATTTTATATTTTTTTTTTTTAAAAAAAAAAAAAAAAAAAAAAAA
m54313U_200903_184952/52300152/ccs,71,ATTTTCTTTTATTTTTTTTATTAATTTAAAAAAAAAAAAAAAAAAAAAAAAAAAAAAAAAAAAAAAAAAAA
m54313U_200903_184952/52560233/ccs,36,AAAAAAAAAAAAAAAAAAAAAAAAAAAAAAAAAAAA
m54313U_200903_184952/52955006/ccs,71,TTTTTTTTTTTTTTTTTTTTATTTAAAAAAAAAAAAAAAAAAAAAAAAAAATTAAAAAAAAAAAAAAAAAA
m54313U_200903_184952/53086375/ccs,63,TTCTTTTCTTTTTTTTTTTTTTTAAAAAAAAAAAAAAAAAAAAAAAAAAAAAAAAAAAAAAAA
m54313U_200903_184952/53611169/ccs,45,AAAAAAAAAAAAAGAAAAAAAAAAAATAAAAAAAAAAAAAAAAAA
m54313U_200903_184952/54265409/ccs,80,AAAAAAAAAAAAAAAAAAAAAAAAAAAAAAAAAAAAAAAAAAAAAAAAAAAAAAAAAAAAAAAAAAAAAAAAAAAAAAAA
m54313U_200903_184952/54265583/ccs,66,TTTTTTTTTATTTTTATTTTATTAAAAAAAAAAAAAAAAAATAAAAAAAAAAAAAAAAAAAAAAAA
m54313U_200903_184952/54528031/ccs,16,AAAAAAAAAAAAAAAA
m54313U_200903_184952/54592488/ccs,67,TTTTTTTTTTTTTTTATAAAAAAAAAAAAAAAAAAAAAAAAAAAAAAAAAAAAAAAAAAAAAAAAAA
m54313U_200903_184952/55446190/ccs,79,TATTTTTTATTTTTTTTATAAAAAAAAAAAAAAAAAAAAAAAAAAAAAAAAAAAAAAAAAAAAAAAAAAAAAAAAAAAA
m54313U_200903_184952/55772582/ccs,79,TTTTTTTATTTTTTTTTTTTAAATAATAAAAAATAAAAAAAAAAAAAAAAAAAAAAAAAAAAAAAAAAATAAAAAAAAA
m54313U_200903_184952/55969586/ccs,70,TTTTTTTTTATTTTTTTTTATATATAAAAAAAAAAAAAAAAAAAAAAAAAAAAAAAAAAAAAAAAAAAAA
m54313U_200903_184952/56689529/ccs,83,TTTTTTTTTTTTTATTAAAAAAAAAAAAAAAAAAATTAAAAAAAAAAAAAAAAAAAAAAAAAAAAAAAAAAAAAAAAAAAAAA
m54313U_200903_184952/56755894/ccs,78,TTTTTTTTTCTTATTTTTCTTTTTTTTTATAAAAAAAAAAAAAATAAAAAAAAAAAAAAAAAAAAAAAAAAAAAAAAA
m54313U_200903_184952/56887315/ccs,70,TTTTTTTATATTTAATTTTAAAAAAAAAAAAAAAAAAAAAAAAAAAAAAAAAAAAAAAAAAAAAAAAAAA
m54313U_200903_184952/57149554/ccs,99,AAAAAAAAAAAAAAAAAAAAAAAAAAAAAAAAAAAAAAAAAAAAAAAAAAAAAAAAAAAAAAAAAAAAAAAAAAAAAAAAAAAAAAAAAAAAAAAAAAA
m54313U_200903_184952/57541161/ccs,46,AAAAAAAAAAAAAAAAAAAAAAAAAAAACAAAAAAAAAAAAAAAAA
m54313U_200903_184952/57606302/ccs,379,AAAAAAAAAAAAAAAAAAAAAAAAAAAAAAAAAAAAAAAAAAAAAAAAAAAAAAAAAAAAAAAAAAAAAAAAAAAAAAAAAAAAAAAAAAAAAAAAAAAAAAAAAAAAAAAAAAAAAAAAAAAAAAAAAAAAAAAAAAAAAAAAAAAAAAAAAAAAAAAAAAAAAAAAAAAAAAAAAAAAAAAAAAAAAAAAAAAAAAAAAAAAAAAAAAAAAAAGAAAAAAAAAAAAAAAAAAAAAAAAAAAAAAAAAAAAAAAAAAAAAAAAAAAAAAAAAAAAAAAAAAAAAAAAAAAAAAAAAAAAAAAAAAAAAAAAAAAAAAAAAAAAAAAAAAAAAAAAAAAAAAAAAAAAAAAAAAAAAAAAAAAAAAAAAAAAAAAAAAA
m54313U_200903_184952/58263425/ccs,100,ATTTTTTTTTATTATTTTTTTTTTTTTTTAAAAAAAAAGAAAAAAAAAAAAATTAAAAAAAAAAAAAAAAAAAAAAAAAAAAAAAAAAAAAAAAAAAAAA
m54313U_200903_184952/58524558/ccs,71,AAAAAAAAATTTTTTTTTTTTAATCAAGAAATTTTATTTATATTTTAAAAAAAAAAAAAAAAAAAAAAAAA
m54313U_200903_184952/59048221/ccs,50,AAAAAAAAAAAAAAAAAAAAAAAAAAAAAAAAAAAAAAAAAAAAAAAAAA
m54313U_200903_184952/59180036/ccs,0,
m54313U_200903_184952/59835356/ccs,54,TTTTTTTTTTTTTACTTTTAAGTTTTTTAAAAAAAAAAAAAAAAAAAAAAAAAA
m54313U_200903_184952/60032208/ccs,124,AAAAAAAAAAAAAAAAAAAAAAAAAAAAAAAAAAAAAAAAAAAAAAAAAAAAAAAAAAAAAAAAAAAAAAAAAAAAAAAAAAGAAAAAAAAAAAAAAAAAAAAAAAAAAAAAAAAAAAAAAAAA
m54313U_200903_184952/60885815/ccs,107,AAAAAAAAAAAAAAAAAAAAAAAAAAAAAAAAAAAAAGCTTTACCAGTCCTGGGAAAAAAAAAAAAAAAAAAAAAAAAAAAAAAAAAAAAAAAAAAAAAAAAAAAAA
m54313U_200903_184952/60948806/ccs,34,AAAATAAAAAAAAAAAAAAAAAAAAAAAAAAAAA
m54313U_200903_184952/61146174/ccs,130,AAAAAAAAAAAAAAAAAAAAAAAAAAAAAAAAAAAAAAAAAAAAAAAAAAAAAAAAAAAAAAAAAAAAAAAAAAAAAAAAAAAAAAAAAAAAAAAAAAAAAAAAAAAAAAAAAAAAAAAAAAAAAAAAAA
m54313U_200903_184952/61276470/ccs,67,AAAAAAAAAAAAAAAAAAAAAAAAAAAAAAAAAAAAAAAAAAAAAAAAAAAAAAAAAAAAAAAAAAA
m54313U_200903_184952/61539055/ccs,84,TTTTTTTTTTTACTTTTTATATAAAAAAGAAAAAAAAAAAAAAAAAAAAAAAAAAAAAAAAAAAAAAAAAAAAAAAAAAAAAAA
m54313U_200903_184952/61539411/ccs,34,AAAAAAAAAAAAAAAAAAAAAAAAAAAAAAAAAA
m54313U_200903_184952/62784095/ccs,112,ATTTTTTTTTTTTTTTTTTTTTTAAAATTTAAAAAAAAAAAAAAATAAAAATAAAAAAAAAAAAAAAAAAAAAAAAAAAAAAAAAAAAAAAAAAAAAAAAAAAAAAAAAAAA
m54313U_200903_184952/62784879/ccs,40,TTTTTTTTATTTATTTTTATTTAAAAAAAAAAAAAAAAAA
m54313U_200903_184952/63048538/ccs,77,TCTTTTTTTTTTCTTTTTTTTTTTTTTTTTTAAAAAAAAAAAAAAAAAAAAAAAAAAAAAAAAAAAAAAAAAAAAAA
m54313U_200903_184952/63244087/ccs,53,AAAAAAAAAAAAAAAAAAAAAAAAAAAAAAAAAAAAAAAAAAAAAAAAAAAAA
m54313U_200903_184952/63308741/ccs,121,TTTTTTTCTTTTTTTTTTCTTTTTTTTAAAAAAAAAAAAAAAATTTAAAAAAAAAAAAAAAAAAAAAAAAAAAAAAAAAAAAAAAAAAAAAAAAAAAAAAAAAAAAAAAAAAAAAAAAAAA
m54313U_200903_184952/64227230/ccs,74,AAAAAAAAAAAAAAAAAAAAAAAAAAAAAAAAAAAAAAAAAAAAAAAAAAAAAAAAAAAAAAAAAAAAAAAAAA
m54313U_200903_184952/64292126/ccs,77,AAAAAAAAAAAAAAAAAAAAAAAAAAAAATAAAAAAAAAAAAAAAAAAAAAAAAAAAAAAAAAAAAAAAAAAAAAAA
m54313U_200903_184952/65011837/ccs,82,ATTTTTATTTTTTTTATTTTTTTAAAAAAAAAAAAAAAAAAAAAAAAAAAAAAAAAAAAAAAAAAAAAGAAAAAAAAAAAAA
m54313U_200903_184952/65012408/ccs,86,AATTTTTTTTTATTTTTTTTTTATTAAATTAAAAAAAAAAAAAAAAAAAAAAAAAAAAAAAAAAAAAAAAAAAAAATAAAAAAAAA
m54313U_200903_184952/65273898/ccs,56,AAAAAAAAAAAAAAAAAAAAAAAAAAAAAAAAAAAAAAAAAAAAAAAAAAAAAAAA
m54313U_200903_184952/65604083/ccs,175,AAAAAAAAAAAAAAAAAAAAAAAAAAAAAAAAAAAAAAAAAAAAAAAAAAAAAAAAAAAAAAAAAAAAAAAAAAAAAAAAAAAAAAAAAAAAAAAAAAAAAAAAAAAAAAAAAAAAAAAAAAAAAAAAAGAAAAAAGAAAAAAAAAAAAAAAAAAAAAAAAAAAAAAAAAAAAAA
m54313U_200903_184952/66193116/ccs,74,TTTTTTATTATAATTTTAAAAAAAAAAAAAAAAAAAAAAAAAAAAAAAAAAAAAAAAAAAAAAAAAAAAAAAAA
m54313U_200903_184952/66652487/ccs,73,AAAAAAAAAAAAAAAAAAAAAAAAAAAAAAAAAAAAAAAAAAAAAAAAAAAAAAAAAAAAAAAAAAAAAAAAA
m54313U_200903_184952/67438654/ccs,171,TTTTTTTTTTTTTTTTTTAAAAAAAAAAAATTTAAAAAAAAAAAAAAAAAAAAAAAAAAAAAAAAAAAAAAAAAAGTAAAAAAAAAAAAAAAAAAAAAAAAAAAAAAAAAAAAAAAAAAAAAAAAAGAAAAAAAAAAAAAAAAAAAAAAAAAAAAAAAAAAAAAAAAAAAA
m54313U_200903_184952/67438654/ccs,0,
m54313U_200903_184952/67962585/ccs,63,TTTTATTATTTTTTTGTTTTTTTTTTTATTTTTAAAAAAAAAAAAAAAAAAAAAAAAAAAAAA
m54313U_200903_184952/68682178/ccs,72,TTTTTTTTCTTTATTTTTAAAAAATAAAAAAATTAAAAAAAAAAAAAAAAAAAAAAAAAAAAAAAAAAAAAA
m54313U_200903_184952/68684441/ccs,19,AAAAAAAAAAAAAAAAAAA
m54313U_200903_184952/69010961/ccs,78,TTATTTTTTTTATTTTTTTATTATTTTATTAAAAAAAAAAAAAAAAAAAAAAAAAAAAAAAAAAAAAAAAAAAAAAAA
m54313U_200903_184952/69534337/ccs,69,AAAAAAAAAAAAAAAAAAAAAAAAAAAAAAAAAAAAAAAAAAAAAAAAAAAAAAAAAAAAAAAAAAAAA
m54313U_200903_184952/69929182/ccs,42,AAAAAAAAAAAAAAAAAAAAAAAAAAAAAAAAAAAAAAAAAA
m54313U_200903_184952/70126328/ccs,154,AAAAAAAAAAAAAAAAAAAAAAAAAAAAAAAAAAAAAAAAAAAAAAAAAAAAAAAAAAAAAAAAAAAAAAAAAAAAAAAAAAAAAAAAAAAAAAAAAAAAAAAAAAAAAAAAAAAAAAAAAAAAAAAAAAAAAAAAAAAAAAAAAAAAAAAAAA
m54313U_200903_184952/72156776/ccs,43,AAAAAAAAAAAAAAAAAAAAAAAAAAAAAAAAAAAAAAAAAAA
m54313U_200903_184952/72287258/ccs,71,TCTTCTTTTTATTTATTTTTTTTTATATTTAAAAAAAAAAAAAAAAAAAAAAAAAAAAAAAAAAAAAAAAA
m54313U_200903_184952/72944463/ccs,0,
m54313U_200903_184952/73665218/ccs,45,TTGTTTTTTTTATTATTTTTTATAAAAACAAAAAAAAAAAAAAAA
m54313U_200903_184952/73861063/ccs,130,TTTTTTTCTTTTTTTTTTTTTAAAATTAAAAAAAAAAAAAAAAATTTAAAAAAAAAAAAAAAAAAAAAAAAAAAAAAAAAAAAAAAAAAAAAAAAAAAAAAAAAAAAAAAAAAAAAAAAAAAAAAAAAAA
m54313U_200903_184952/73926599/ccs,214,AAAAAAAAAAAAAAAAAAAAAAAAAAAAAAAAAAAAAAAAAAAAAAAAAAAAAAAAAAAAAAAAAAAAAAAAAAAAAAAAAAAAAAAAAAAAAAAAAAAAAAAAAAAAAAAAAAAAAAAAAAAAAAAAAAAAAAAAAAAAAAAAAAAAAAAAAAAAAAAAAAAAAAAAAAAAAAAAAAAAAAAAAAAAAAAAAAAAAAAAAAAAAAAAAAAAAA
m54313U_200903_184952/74057847/ccs,85,AAAAAAAAAAAAAAAAAAAAAAAAAAAAAAAAAAAAAAAAAAAAAAAAAAAAAAAAAAAAAAAAAAAAAAAAAAAAAAAAAAAAA
m54313U_200903_184952/74187740/ccs,64,AAAAAAAAAAAAAAAAAAAAAAAAAAAAAAAAAAAAAAAAAAATAAAAAAAAAAAAAAAAAAAA
m54313U_200903_184952/74515279/ccs,86,AATTTTTTTTTTTTTTATTAAAAAAAAAAAAAAAAAAAAAAAAAAAAAAAAAAAAAAAAAAAAAAAAAAAAAAAAAAAAAAAAAAA
m54313U_200903_184952/8587614/ccs,52,AAAAAAAAAAAAAAAAAAAAAAAAAAAAAAAAAAAACAAAAAAAAAAAAAAA
m54313U_200903_184952/8783622/ccs,40,TTTTTTTTTTTATCTTTATATTTATTTAAAAAAAAAAAAA
m54313U_200903_184952/8980513/ccs,45,AAAAAAAAAAAAAAAAAAAAAAAAAAAAAAAAAAAAAAAAAAAAA
m54313U_200903_184952/9045538/ccs,67,TTTTTATATTTTTTTTTATAAAAAAAAAAAAAAAAAAAAAAAAAAAAAAAAAAAAAAAAAAAAAAAA
m54313U_200903_184952/9046292/ccs,102,TTTTTTTTATTTATTTTTTTTTTTTTTTTTAAATAAAAAAAATTAAAAAATAAAAAAAAAAAAAAAAAAAAAAAAAAAAAAAAAAAAAAAAAAAAAAAAAAA
m54313U_200903_184952/9438409/ccs,341,AAAAAAAAAAAAAAAAAAAAAAAAAAAAAAAAAAAAAAAAAAAAAAAAAAAAAAAAAAAAAAAAAAAAAAAAAAAAAAAAAAAAAAAAAAAAAAAAAAAAAAAAAAAAAAAAAAAAAAAAAAAAAAAAAAAAAAAAAAAAAAAAAAAAAAAAAAAAAAAAAAAAAAAAAAAAAAAAAAAAAAAAAAAAAAAAAAAAAAAAAAAAAAAAAAAAAAAAAAAAAAAAAAAAAAAAAAAAAAAAAAAAAAAAAAAAAAAAAAAAAAAAAAAAAAAAAAAAAAAAAAAAAAAAAAAAAAAAAAAAAAAAAAAAAAAAAAAAAAAAAAAAAAAAAAAAAAAAAAAAA
m54313U_200903_184952/9700117/ccs,78,TTTTTTTTTTTTTTTATTTTTAAAAAAAAAAAAAAAAAAAAAAAAAAAAAAAAAAAAAAAAAAAAAAAAAAAAAAAAA
m54313U_200903_184952/10158855/ccs,87,TTTTATTTTTTTTATTTTATAAGTTAATTTTTTTTAAAAAAAAAAAAAAAAAAAAAAAAAAAAAAAAAAAAAAAAAAAAAAAAAAAA
m54313U_200903_184952/10749267/ccs,165,AAAAAAAAAAAAAAAAAAAAAAAAAAAAAAAAAAAAAAAAAAAAAAAAAAAAAAAAAAAAAAAAAAAAAAAAAAAAAAAAAAAAAAAAAAAAAAAAAAAAAAAAAAAAAAAAAAAAAAAAAAAAAAAAAAAAAAAAAAAAAAAAAAAAAAAAAAAAAAAAAAAAA
m54313U_200903_184952/10945312/ccs,91,TGCCCTCGGAGTTTTTATTTCTTTTATTTTTTTTTTTTTATAAAAAAAAAAAAAAAAAAAAAAAAAAAAAAAAAAAAAAAAAAAAAAAAAA
m54313U_200903_184952/11011169/ccs,89,AAAAAAAAAAAAAAAAAAAAAAAAAAAAAAAAAAAAAAAAAAAAAAAAAAAAAAAAAAAAAAAAAAAAAAAAAAAAAAAAAAAAAAAAA
m54313U_200903_184952/75237581/ccs,312,AAAAAAAAAAAAAAAAAAAAAAAAAAAAAAAAAAAAAAAAAAAAAAAAAAAAAAAAAAAAAAAAAAAAAAAAAAAAAAAAAAAAAAAAAAAAAAAAAAAAAAAAAAAAAAAAAAAAAAAAAAAAAAAAAAAAAAAAAAAAAAAAAAAAAAAAAAAAAAAAAAAAAAAAAAAAAAAAAAAAAAAAAAAAAAAAAAAAAAAAAAAAAAAAAAAAAAAAAAAAAAAAAAAAAAAAAAAAAAAAAAAAAAAAAAAAAAAAAAAAAAAAAAAAAAAAAAAAAAAAAAAAAAAAAAAAAAAAAAAAAAAAAAAAAAAG
m54313U_200903_184952/75237581/ccs,0,
m54313U_200903_184952/75302286/ccs,78,TTTATTTTTTTTATTTTGTAAAAAAAAAAAAAAAAAAAAAAAAAAAAAAAAAAAAAAAAAAAAAAAAAAAAAAAAAAA
m54313U_200903_184952/75630994/ccs,72,AAAAAAAAAAAAAAAAAAAAAAAAAAAAAAAAAAAAAAAAAAAAAAAAAAAAAAAAAAAAAAAAAAAAAAAA
m54313U_200903_184952/75761359/ccs,16,AAAAAAAAAAAAAAAA
m54313U_200903_184952/76089076/ccs,0,
m54313U_200903_184952/76155546/ccs,74,TTTTTTTTTTTTTTTTTTTTTTTTATTTTAAAAAAAAAAAAAAAAAAAAAAAATTTAAAAAAAAAAAAAAAAAA
m54313U_200903_184952/76284817/ccs,452,AAAAAAAAAAAAAAAAAAAAAAAAAAAAAAAAAAAAAAAAAAAAAAAAAAAAAAAAAAAAAAAAAAAAAAAAAAAAAAAAAAAAAAAAAAAAAAAAAAAAAAAAAAAAAAAAAAAAAAAAAAAAAAAAAAAAAAAAAAAAAAAAAAAAAAAAAAAAAAAAAAAAAAAAAAAAAAAAAAAAAAAAAAAAAAAAAAAAAAAAAAAAAAAAAAAAAAAAAAAAAAAAAAAAAAAAAAAAAAAAAAAAAAAAAAAAAAAAAAAAAAAAAAAAAAAAAAAAAAAAAAAAAAAAAAAAAAAAAAAAAAAAAAAAAAAAAAAAAAAAAAAAAAAAAAAAAAAAAAAAAAAAAAAAAAAAAAAAAAAAAAAAAAAAAAAAAAAAAAAAAAAAAAAAAAAAAAAAAAAAAAAAAAAAAAAAAAAAAAAAAAAAAAAAAAAAAAAAAAAAAAAAAAAAAAAA
m54313U_200903_184952/76810172/ccs,71,TATTTTTTTTTTTTTTTTTTTTTAATAAAATAAAAAAAAAAAAAAAAAAAAAAAAAAAAAAAAAAAAAAAA
m54313U_200903_184952/76876027/ccs,0,
m54313U_200903_184952/77072152/ccs,20,AAAAAAAAAAAAAAAAAAAA
m54313U_200903_184952/77072600/ccs,90,TTTAAAAAAAAAAAAAAAAAAAAAAAAAAAAAAAAAAAAAAAAAAAAAAAAAAAAAAAAAAAAAAAAAAAAAAAAAAAAAAAAAAAAAAA
m54313U_200903_184952/77857735/ccs,66,TATTTTCTTTTATTTTTTTAAAAAAAAAAAAAAAAAAAAAAAAAAAAAAAAAAAAAAAAAAAAAAA
m54313U_200903_184952/78709877/ccs,70,TTTTTTTTATTTTTTATTTTAAAAAAAAAAAAAAAAAAAAAAAAAAAAAAAAAAAAAAAAAAAAAAAAAA
m54313U_200903_184952/78710480/ccs,126,TAAGGCTCCTCATGTGCAAAAAAAAAAAATTTTAAATAAATTTATAAAAAAAAAAAAAAAAAAAAAAAAAAAAAAAAAAAAAAAAAAAAAAAAAAAAAAAAAAAAAAAAAAAAAAAAAAAAAAAAA
m54313U_200903_184952/79103225/ccs,87,TTTTTAATTTTATTATTTTTTTATTTTTTAAAAAAAAAAAAAAAAAAAAAAAAAAAAAAAAAAAAAAAAAAAAAAAAAAGAAAAAAA
m54313U_200903_184952/79366416/ccs,69,CTTTTTTTTTTAAAATAAAAAAAAGAAATAAAAAATTAAAAAAAAAAAAAAAAAAAAATAAAAAAAAAA
m54313U_200903_184952/79890013/ccs,71,TTTTTTTTTATATTTTTTTTATTTAAAAAAAAAAAAAAAAAAAAAAAAAAAAAAAAAAAAAAAAAAAAAAA
m54313U_200903_184952/80020563/ccs,102,TTTTTTTTTTTTATTTTTATTTTTTATAAATTAAAAAAAAAAAAAAAAAAAAAAAAAAAAAAAAAAAAAAAAAAAAAAAAAAAAAAAAAAAAAAAAAAAAAA
m54313U_200903_184952/80348757/ccs,205,AAAAAAAAAAAAAAAAAAAAAAAAAAAAAAAAAAAAAAAAAAAAAAAAAAAAAAAAAAAAAAAAAAAAAAAAAAAAAAAAAAAAAAAAAAAAAAAAAAAAAAAAAAAAAAAAAAAAAAAAAAAAAAAAAAAAAAAAAAAAAAAAAAAAAAAAAAAAAAAAAAAAAAAAAAAAAAAAAAAAAAAAAAAAAAAAAAAAAAAAAAAAA
m54313U_200903_184952/80413765/ccs,56,TTTATTTTTTTTTTTTTTTTTAAAAAAAAAAAAAAAAAAAAAAAAAAAAAAAAAAA
m54313U_200903_184952/80414548/ccs,84,TCTTTTTTTCTTTATTTTTTTTTATTATATAATAAAAAAAAAAAAAAAAAAAAAAAAAAAAAAAAAAAAAAAAAAAAAAAAAAA
m54313U_200903_184952/80807723/ccs,40,TTTTTTTTTTTTAAAAAAAAAAAAAAAAAAAAAAAAAAAA
m54313U_200903_184952/81199293/ccs,67,TTTTTTTTTTTTTTTTTTTTTAAAAAAAAAAAAAAAAAATAAAAAAAAAAAAAAAAAAAAAAAAAAA
m54313U_200903_184952/81397281/ccs,66,ATATTTTTTTTATTTTTTAAAAAAAAAAAAAAAAAAAAAAAAAAAAAAAAAAAAAAAAAAAAAAAA
m54313U_200903_184952/82575577/ccs,42,TTTTATTTTTTTTATTTTTTATTTAAAAAAAAAAAAAAAAAA
m54313U_200903_184952/82642142/ccs,75,TTTTTATTTATTTTTTATTTAAAAAAAAAAAAAAAAAAAAAAAAAAAAAAAAAAAAAAAAAAAAAAGAAAAAAAA
m54313U_200903_184952/83428895/ccs,52,AAAAAAAAAAAAAAAAAAAAAAAAAAAAAAAAAAAAAAAAAAAAAAAAAAAA
m54313U_200903_184952/83690285/ccs,212,AAAAAAAAAAAAAAAAAAAAAAAAAAAAAAAAAAAAAAAAAAAAAAAAAAAAAAAAAAAAAAAAAAAAAAAAAAAAAAAAAAAAAAAAAAAAAAAAAAAAAAAAAAAAAAAAAAAAAAAAAAAAAAAAAAAAAAAAAAAAAAAAAAAAAAAAAAAAAAAAAAAAAAAAAAAAAAAAAAAAAAAAAAAAAAAAAAAAAAAAAAAAAAAAAAAA
m54313U_200903_184952/83887294/ccs,56,AAAAAAAAAAAAAAAAAAAAAAAAAAAAAAAAAAAAAAAAAAAAATAAAAAAAAAA
m54313U_200903_184952/84279572/ccs,384,AAAAAAAAAAAAAAAAAAAAAAAAAAAAAAAAAAAAAAAAAAAAAAAAAAAAAAAAAAAAAAAAAAAAAAAAAAAAAAAAAAAAAAAAAAAAAAAAAAAAAAAAAAAAAAAAAAAAAAAAAAAAAAAAAAAAAAAAAAAAAAAAAAAAAAAAAAAAAAAAAAAAAAAAAAAAAAAAAAAAAAAAAAAAAAAAAAAAAAAAAAAAAAAAAAAAAAAAAAAAAAAAAAAAAAAAAAAAAAAAAAAAAAAAAAAAAAAAAAAAAAAAAAAAAAAAAAAAAAAAAAAAAAAAAAAAAAAAAAAAAAAAAAAAAAAAAAAAAAAAAAAAAAAGAAAAAAAAAATAAAAAAAAAAAAAAAAAAAAAAAAAAAAAAAAAAAAAAAAAAAAA
m54313U_200903_184952/84607364/ccs,0,AAGATTGTAAGGGTTGAGGCTTACTAGTGATGTTTTTGTGTGTGTCAAGTTGACAAGGGGGTCAATTGTACTGGCTAGTTTTTGTGTCAACTTGACACAGCTGGAGTTATCACAGAGAAAGGAGCTTCAGTTGAGGAAATGCCTCCATGAGATCCAACTGTAAGGCATTTTCTCAATTAGTGATCAAGGGGGGGAAAGGCCCCTTGTGGGTGGGGACCATCTCAGGGCTGGTAGTCTTGGTTCTATAAGAAAGCAGGCTGAGCAAGCCAGGTGAGGCAAGCCAGTAAAGAACATCCCTCCATGGCCTCTGCATCAGCTCCTGCTTCCTGACCTGCTTGAGTTCCAGTCCTGGCTTCCTTGGTGATGAACAGCAGTATGGAAGTGTAAGCCGAATAAACCCTTTCCTCCCCAAAAAAAAAAAAAAAAAAAAAAAAAAAAAAAAAAAAAAAAAAAAAAAAAAAAAAAAAAAAAAAAAAAAAAAAAAAAAAAAAAAAAAAAAAAAAAAAAAAAAAAAAATAAAAAAA
m54313U_200903_184952/84609500/ccs,93,GTCATTTTTTTTATCTTTTTCTATTTATTTTATTTTTAAAAAAAAAAAAAAAAAAAAAAAAAAAAAAAAAAAAAAAAAAAAAAAAAAAAAAAA
m54313U_200903_184952/85002913/ccs,95,TTTTTTTTTTTTTTTTAAATAAAAAAAAAAAAAAAATTTTTAAAAAAAAAAAAAAAAAAAAAAAAAAAAAAAAAAAAAAAAAAAAAAAAAAAAAA
m54313U_200903_184952/85003097/ccs,111,TTTTTTCTTTTTTTTTTTTTTTTTTTAAAAAAAAAAAAAAATAAAAAAAAAAAAAAAAAAAAAAAAAAAAAAAAAAAAAAAAAAAAAAAAAAAAAAAAAAAAAAAAAAAAA
m54313U_200903_184952/85722411/ccs,102,ATTTTTTTCTTTTTATTTTTTTAATTTTAAAAAAGAAAAAATAAAAAAAAAAGAAAAAAAAAAAAAAAAAAAAAAAAAAAAAAAAAAAAAAAAAAAAAAAAA
m54313U_200903_184952/85983722/ccs,45,AAAAAAAAAAAAAAAAAAAAAAAAAAAAAAAAAGAAAAAAAAAAA
m54313U_200903_184952/86114879/ccs,30,TTTTTTATTAAAAAAAAAAAAAAAAAAAAA
m54313U_200903_184952/86114949/ccs,83,AAAAAAAAAAAAATTTTTTTATATTTAATTTATTTATAAAAAAAAAAAAAAAAAAAAAAAAAAAAAAAAAAAAAAAAAAAAAA
m54313U_200903_184952/86116581/ccs,37,AAAAAAAAAAAAAAAATGAAAAAAAAATTAAAAAAAA
m54313U_200903_184952/86117213/ccs,115,TTTTTTTTTTCATTATTTTTAAATTTTTAATTTTTTTTATTTAAAAAAAAAAAAAAAAAAAAAAAAAAAAAAAAAAAAAAAAAAAAAAAAAAAAAAAAAAAAAAAAAAAAAAAAA
m54313U_200903_184952/86377840/ccs,102,TTTTTTTATTATTGTTTATTTTTTTATTTTTATTAAAAAAAAAAAAAAAAAAAAAAAAAAAAAAAAAAAAAAAAAAAAAAAAAAAAAAAAAAAAAAAAAAAA
m54313U_200903_184952/87033333/ccs,82,AAAAAAAAAAAAAAAAAAAAAAAAAAAAAAAAAAAAAAAAAAAAAAAAAAAAAAAAAAAAAAAAAAAAAAAAAAAAAAAAAA
m54313U_200903_184952/87557492/ccs,135,AAAAAAAAAAAAAAAAAAAAAAAAAAAAAAAAAAAAAAAAAAAAAAAAAAAAAAAAAAAAAAAAAAAAAAAAAAAAAAAAAAAAAAAAAAAAAAAAAAAAAAAAAAAAAAAAAAAAAAAAAAAAAAAAAAAAAAA
m54313U_200903_184952/87624387/ccs,46,GGGAAAAAAAAAAAAAAAAAAAAAAAAAAAAAAAAAAAAAAAAAAA
m54313U_200903_184952/87754558/ccs,132,ACCTTTTGCGATTTTTTCTTTTATTTTTTTTTTTTTTTAAAAAAAAAAAAAAAAAAAAAAAAAAAAAAAAAAAAAAAAAAAAAAAAAAAAAAAAAAAAAAAAAAAAAAAAAAAAAAAAAAAAAAAAAAAAAA
m54313U_200903_184952/87818983/ccs,68,AAAAAAAAAAACAAAAAAAAAAAAAAAAAAAAAAAAAAAAAAAAAAAAAAAAAAAAAAAAAAAAAAAA
m54313U_200903_184952/89194974/ccs,124,TTATTTTTTTTTTTTTTTATTTTAAAAAAAAAAAAAAAAAAAAAAAAAAAAAAAAAAAAAAAAAAAAAAAAAAAAAAAAAAAAAAAAAAAAAAAAAAAAAAAAAAAAAAAAAAAAAAAAAAAAA
m54313U_200903_184952/89458744/ccs,61,CTGAAATTTTTATTTTTTATATTTTTTTTATTTTTTAAAAGAAAAAAAAAAAAAAAAAAAA
m54313U_200903_184952/89784951/ccs,105,TTTATTTTCTTATATTTTTTTTTTATTTTATTAAAAAAAAAAAAAAAAAAAAAAAAAAAAAAAAAAAAAAAAAAAAAAAAAAAAAAAAAAAAAAAAAAAAAAAAA
m54313U_200903_184952/89982455/ccs,193,AAAAAAAAAAAAAAAAAAAAAAAAAAAAAAAAAAAAAAAAAAAAAAAAAAAAAAAAAAAAAAAAAAAAAAAAAAAAAAAAAAAAAAAAAAAAAAAAAAAAAAAAAAAAAAAAAAAAAAAAAAAAAAAAAAAAAAAAAAAAAAAAAAAAAAAAAAAAAAAAAAAAAAAAAAAAAAAAAAAAAAAAAAAAAAAAA
m54313U_200903_184952/90047501/ccs,76,AAAAAAAAAAAAAAAAAAAAAAAAAAAAAAAAAAAAAAAAAAAAAAAAAAAAAAAAAAAAAAAAAAAAAAAAAAAA
m54313U_200903_184952/90702853/ccs,29,TATTTTTTATTTAAAAAAAAAAAAAAAAA
m54313U_200903_184952/91227044/ccs,88,AAAAAAAAAAAAAAAAAAAAAAAAAAAAAAAAAAAAAAAAAAAAAAAAAAAAAAAAAAAAAAAAAAAAAAAAAAAAAAAAAAAAAAAA
m54313U_200903_184952/91490332/ccs,18,AAAAAAAAAAAAAAAAAA
m54313U_200903_184952/93063124/ccs,84,AAAAAAAAAAAAAAAAAAAAAAAAAAAAAAAAAAAAAAAAAAAAAAAAAAAAAAAAAAAAAAAAAAAAAAAAAAAAAAAAAAAA
m54313U_200903_184952/93063323/ccs,346,AAAAAAAAAAAAAAAAAAAAAAAAAAAAAAAAAAAAAAAAAAAAAAAAAAAAAAAAAAAAAAAAAAAAAAAAAAAAAAAAAAAAAAAAAAAAAAAAAAAAAAAAAAAAAAAAAAAAAAAAAAAAAAAAAAAAAAAAAAAAAAAAAAAAAAAAAAAAAAAAAAAAAAAAAAAAAAAAAAAAAAAAAAAAAAAAAAAAAAAAAAAAAAAAAAAAAAAAAAAAAAAAAAAAAAAAAAAAAAAAAAAAAAAAAAAAAAAAAAAAAAAAAAAAAAAAAAAAAAAAAAAAAAAAAAAAAAAAAAAAAAAAAAAAAAAAAAAAAAAAAAAAAAAAAAAAAAAAAAAAAAAAAA
m54313U_200903_184952/93522434/ccs,82,TTTTTTTTTTTTTTTTCTTTTTTATTTTTAAAAAAAAAAAAAAAAAAAAAAAAAAAAAAAAAAAAAAAAAAAAAAAAAAAAA
m54313U_200903_184952/93651088/ccs,0,GAGGGCAAGCCAGTAAAGAACATCCCTCCATGGCCTCTGCATCAGCTCCTGCTCCCTGACCTGCCTGAGTTCCAGTCCTGACTTCCTTTGGTGATGAACAGCAGCATGTATTATTTTTTTTATTTTTTTTATTTCTAAAAAAAAAAAAAAAAAAAAAAAAAAAAAAAAAAAAAAAAAAAAAAAAAAAAAAAG
m54313U_200903_184952/93716519/ccs,92,TTTTTTTTTTTTTATTTTTTAAATTTTATAAAAATATAAAAAAAAAAAAAAAAAAAAAAAAAAAAAAAAAAAAAAAAAAAAAAAAAAAAAAA
m54313U_200903_184952/95290344/ccs,53,TTTTTTTATTTAAAAAAAAAAAAAAAAAAAAAAAAAAAAAAAAAAAAAAAAAA
m54313U_200903_184952/95684328/ccs,54,AAAAAAAAAAAAAAAAAAAAAAAAAAAAAAAAAAAAAAAAAAAAAAAAAAAAAA
m54313U_200903_184952/95748683/ccs,0,
m54313U_200903_184952/95749421/ccs,68,TTTTTATATTTTTAAATTTTAAAAAAAAAAAAAAAAAAAAAAAAAAAAAAAAAAAAAAAAAAAAAAAA
m54313U_200903_184952/96601712/ccs,85,AAAAAAAAAAAAAAAAAAAAAAAAAAAAAAAAAAAAAAAAAAGAAAAAAAAAAAAAAAAAAAAAAAAAAAAAAAAAAAAAAAAAA
m54313U_200903_184952/96668337/ccs,238,AAAAAAAAAAAAAAAAAAAAAAAAAAAAAAAAAAAAAAAAAAAAAAAAAAAAAAAAAAAAAAAAAAAAAAAAAAAAAAAAAAAAAAAAAAAAAAAAAAAAAAAAAAAAAAAAAAAAAAAAAAAAAAAAAAAAAAAAAAAAAAAAAAAAAAAAAAAAAAAAAAAAAAAAAAAAAAAAAAAAAAAAAAAAAAAAAAAAAAAAAAAAAAAAAAAAAAAAAAAAAAAAAAAAAAAAAAAAAA
m54313U_200903_184952/96732631/ccs,89,ATTTTTTTATTTTATTTTTTTTTTTTTAAAAAAAAAAAAAAAAAAAAAAAAAAAAAAAAAAAAAAAAAAAAAAAAAAAAAAAAAAAAAA
m54313U_200903_184952/96930103/ccs,68,AAAAAAAAAAAAAAAAAAAAAAAAAAAAAAAAAAAAAAAAAAAAAAAAAAAAAAAAAAAAAAAAAAAA
m54313U_200903_184952/97781071/ccs,53,AAAAAAAAAAAAAAAAAAAAAAAAAAAAAAAAAAAAAAAAAAAAAAAAAAAAA
m54313U_200903_184952/98371920/ccs,246,AAAAAAAAAAAAAAAAAAAAAAAAAAAAAAAAAAAAAAAAAAAAAAAAAAAAAAAAAAAAAAAAAAAAAAAAAAAAAAAAAAAAAAAAAAAAAAAAAAAAAAAAAAAAAAAAAAAAAAAAAAAAAAAAAAAAAAAAAAAAAAAAAAAAAAAAAAAAAAAAAAAAAAAAAAAAAAAAAAAAAAAAAAAAAAAAAAAAAAAAAAAAAAAAAAAAAAAAAAAAAAAAAAAAAAAAAAAAAAAAAAAAAA
m54313U_200903_184952/98436078/ccs,189,TTTTTTTTTTTTTCTAAAAAAAAAAAAAAAAAAAAAAAAAAAAAAAAAAAAAAAAAAAAAAAAAAAAAAAAAAAAAAAAAAAAAAAAAAAAAGAAAAAAAAAAAAAAAAAAAAAAAAAAAAAAAAAAAAAAAAAAAAAAAAAAAAAAAAAAAAAAAAAAAAAAAAAAAAAAAAAAAAAAAAAAAAAAAA
m54313U_200903_184952/98894728/ccs,38,AAAAAAAAAAAAAAAAAAAAAAAAAAAAAAAAAAAAAA
m54313U_200903_184952/98895662/ccs,239,AAAAAAAAAAAAAAAAAAAAAAAAAAAAAAAAAAAAAAAAAAAAAAAAAAAAAAAAAAAAAAAAAAAAAAAAAAAAAAAAAAAAAAAAAAAAAAAAAAAAAAAAAAAAAAAAAAAAAAAAAAAAAAAAAAAAAAAAAAAAAAAAAAAAAAAAAAAAAAAAAAAAAAAAAAAAAAAAAAAAAAAAAAAAAAAAAAAAAAAAAAAAAAAAAAAAAAAAAAAAAAAAAAAAAAAAAAAAAAA
m54313U_200903_184952/99091613/ccs,50,AAAAAAAAAAAAAAAAAAAAAAAAAAAAAAAAAAAAAAAAAAAAAAAAAA
m54313U_200903_184952/11470986/ccs,90,GTTTTTCTTTTTTTTTTTTTTCTTTTTTAAAAAAAAAAAAAAAAAAAAAAAAAAAAAAAAAAAAAAAAAAAAAAAAAAAAAAAAAAAAAA
m54313U_200903_184952/11537200/ccs,77,TTGTTTTTTTTTTCTTTTTTTTTTTTTTTAAAAAAAAAAAAAAAAAAAAATAAAAAAAAAAAAAAAAAAAAAAAAAA
m54313U_200903_184952/11666159/ccs,73,TAAAAAAAAAAAAAAAAAAAAAAAAAAAAAAAAAAAAAAAAAAAAAAAAAAAAAAAAAAAAAAAAAAAAAAAA
m54313U_200903_184952/11995967/ccs,93,AAAAAAAAAAAAAAAAAAAAAAAAAAAAAAAAAAAAAAAAAAAAAAAAAAAAAAAAAAAAAAAAAAAAAAAAAAAAAAAAAAAAAAAAAAAAA
m54313U_200903_184952/12060866/ccs,75,TTTTTTTTTCTTTTTTTATAAATAAAATTAAAAAAAAAAAAAAAAAAAAAAAAAAAAAAAAAAAAAAAAAAAAAA
m54313U_200903_184952/12125269/ccs,91,TTTATTTTTTTTTTTTTTTTTTAAAAAAAAGAAGAAAAAAAAATTTAAAATAAAAAAAAAAAAAAAAAAAAAAAAAAAAAAAAAAAAAAAA
m54313U_200903_184952/12388045/ccs,79,ATATTTTTTTCTTTTTTTTTAAAATAAAAAAAAAAAAAAAAAAAAAAAGAAAAAAAAAAAAAAAAAAAAAAAAAAAAAA
m54313U_200903_184952/12453785/ccs,81,TATTTAATTATTAAAAAAAAAAAAAAAAAAAAAAAAAAAAAAAAAAAAAAAAAAAAAAAAAAAAAAAAAAAAAAAAAAAAA
m54313U_200903_184952/12716366/ccs,43,AAAAAAAAAAAAAAAAAAAAAAAAAAAAAAAAAAAAAAAAAAA
m54313U_200903_184952/13763853/ccs,75,TTTTTTATTTTTTTTATTTTTTAAAATAAAAAAAAAAAAAAAAAAAAAAAAAAAAAAAAAAAAAAAAAAAAAAAA
m54313U_200903_184952/99222295/ccs,89,TTTTTTTTTGTATTTTTATATTTCTTTAAAAATTAAAAAAAAAAAAAAAAAAAAAAAAAAAAAAAAAAAAAAAAAAAAAAAAAAAAAAA
m54313U_200903_184952/100010522/ccs,64,TTTTATTTTTTTATATAAAAAAATAAAAAAAAAAAAGAAAAAAAAAAAAAAAAAAAAAAAAAAA
m54313U_200903_184952/100403025/ccs,66,TTTTTTTTTTTTTTATTATATAAGAAAAAAAAATTTTTTTATTAAAAAAAAAAAAAAAAAAAAAAA
m54313U_200903_184952/101058657/ccs,150,ATTTTTTTTTTTTTTTTTAAAAAAAAAAAAAAAAAAAAAAAAAAAAAAAAAAAAAAATAAAAAAAAAAAAAAAAAAAAAAAAAAAAAAAAAAAAAAAAAAAAAAAAAAAAAAAAAAAAAAAAAAAAAAAAAAAAAAAGAAAAAAAAAAAA
m54313U_200903_184952/101714305/ccs,0,
m54313U_200903_184952/101909179/ccs,77,AAAAAAAAAAAAAAAAAAAAAAAAAAAAAAAAAAAAAAAAAAAAAAAAAAAAAAAAAAAAAAAAAAAAAAAAAAAAA
m54313U_200903_184952/101974487/ccs,61,CTTTTATTTTATTTATTCTTTATATTATTTATTTTTTTAAAAAAAGAAAAAAAAAAAAAAA
m54313U_200903_184952/102170751/ccs,77,AAAAAAAAAAAAAAAAAAAAAAAAGTAAAAAAAAAAAAAAAAAAAAAAAAAAAAAAAAAAAAAAAAAAAAAAAAAAA
m54313U_200903_184952/102170925/ccs,85,TTTTTAAAAAAAAAAAAAAAAAAAAAAAAAAAAAAAAAAAAAAAAAAAAAAAAAAAAAAAAAAAAAAAAAAAAAAAAAAAAAAAA
m54313U_200903_184952/102500348/ccs,86,TTTTTTTTTTTTTATTTTAAATAAAAAAAAAAAAAAAAAAATAAAAAAAAAAAAAAAAAAAAAAGAAAAAAAAAAAAAAAAAAAAA
m54313U_200903_184952/102500520/ccs,68,TTTTTTTATTATTTTTTTTTTTTTAAAAAAAAAAAAAAAAAAAAAAAAAAAAAAAAAAAAAAAAAAAA
m54313U_200903_184952/102630521/ccs,355,AAAAAAAAAAAAAAAAAAAAAAAAAAAAAAAAAAAAAAAAAAAAAAAAAAAAAAAAAAAAAAAAAAAAAAAAAAAAAAAAAAAAAAAAAAAAAAAAAAAAAAAAAAAAAAAAAAAAAAAAAAAAAAAAAAAAAAAAAAAAAAAAAAAAAAAAAAAAAAAAAAAAAAAAAAAAAAAAAAAAAAAAAAAAAAAAAAAAAAAAAAAAAAAAAAAAAAAAAAAAAAAAAAAAAAAAAAAAAAAAAAAAAAAAAAAAAAAAAAAAAAAAAAAAAAAAAAAAAAAAAAAAAAAAAAAAAAAAAAAAAAAAAAAAAAAAAAAAAAAAAAAAAAAAAAAAAAAAAAAAAAAAAAAAAAAAAAA
m54313U_200903_184952/103222026/ccs,45,AAAAAAAAAAAAAAAAAAAAAAAAAAAAAAAAAAAAAAAAAAAAA
m54313U_200903_184952/103679567/ccs,44,TTTTTTTATTTATTTAAAAAAAAAAAGAAAAAAAAAAAAAAAAA
m54313U_200903_184952/104007169/ccs,67,AAAAAAAAAAAAAAAAAAAAAAAAAAAAAAAAAAAAAAAAAAAAAAAAAAAAAAAAAAAAAAAAAAA
m54313U_200903_184952/104007920/ccs,73,TTCTTTTTTTATTTTTCTTTTTTTTAATTAAAAAAAAAAAAAAAAAAAAAAAAAAAAAAAAAAAAAAAAAAAA
m54313U_200903_184952/104597612/ccs,52,AAAAAAAAAAAAAAAAAAAAAAAAAAAAAAAAAAAAAAAAAAAAAAAAAAAA
m54313U_200903_184952/104598114/ccs,80,TTTTTTATTTTTTTTTTCTTTTTTAAAAAAAAAAAAAAAAAAAAAAAAAAAAAAAAAAAAAAAAAAAAAAAAAAAAAAAA
m54313U_200903_184952/104663832/ccs,60,TTTTTATCATTAAAAAAAAAAAAAAAAAAAAAAAAAAAAAAAAAAAAAAAAAAAAAAAAA
m54313U_200903_184952/104729259/ccs,54,TTTTTTTTTTTTTTATAAAAAAAAAAAATAAAAAAAAAAAAAAAAAATAAAAAA
m54313U_200903_184952/104991332/ccs,375,AAAAAAAAAAAAAAAAAAAAAAAAAAAAAAAAAAAAAAAAAAAAAAAAAAAAAAAAAAAAAAAAAAAAAAAAAAAAAAAAAAAAAAAAAAAAAAAAAAAAAAAAAAAAAAAAAAAAAAAAAAAAAAAAAAAAAAAAAAAAAAAAAAAAAAAAAAAAAAAAAAAAAAAAAAAAAAAAAAAAAAAAAAAAAAAAAAAAAAAAAAAAAAAAAAAAAAAAAAAAAAAAAAAAAAAAAAAAAAAAAAAAAAAAAAAAAAAAAAAAAAAAAAAAAAAAAAAAAAAAAAAAAAAAAAAAAAAAAAAAAAAAAAAAAAAAAAAAAAAAAAAAAAAAAAAAAAAAAAAAAAAAAAAAAAAAAAAAAAAAAAAAAAAAAAAAAAA
m54313U_200903_184952/105120764/ccs,81,TTTTTTTTTTTACAAAAAAAAAAAAAAAAAAAAAAAAAAAAAAAAAAAAAAAAAAAAAAAAAATTAAAAAAATATAAAAAA
m54313U_200903_184952/105121851/ccs,36,AAAAAAAAAAAAAAAAAAAAAAAAAAAAAAAAAAAA
m54313U_200903_184952/105253582/ccs,73,TCTTTTTTTTTTTTTTCCTTTTTAAAAAAAAAAAAAAAAAAAAAAAAAAAAAAAAAAAAAAAAAAAAAAAAAA
m54313U_200903_184952/105578620/ccs,87,TTTTTTTTTTTTTTTTTTTTTAAATTAAAAAAAAAAAAAAAAAAATAAAAAAAAAAAAAAAAAAAAAAAAAAAAAAAAAAAAAAAAA
m54313U_200903_184952/105709971/ccs,63,TTAAAAAAAAAAAAAAAAAAAAAAAAAAAAAAAAAAAAAAAAAAAAAAAAAAAAAAAAAAAAA
m54313U_200903_184952/106170990/ccs,37,AAAAAAAAAAAAAAAAAAAAAAAAAAAAAAAAAAAAA
m54313U_200903_184952/106824122/ccs,52,AAAAAAAAAAAAAAAAAAAAAAGAAAAAAAAAATGAAAAAAAAAAAAAAAAA
m54313U_200903_184952/107547107/ccs,52,AAAAAAAAAAAAAAAAAAAAATTAAAAAAAAAAAAAAAAAAAAAAAAAAAAA
m54313U_200903_184952/107940164/ccs,36,AAAAAAAATAAAAAAAAAAAAAAAAAAAAAAAAAAA
m54313U_200903_184952/108005686/ccs,68,TTTTTTTATTTTTTTTTTATATTTAAAAAAAAAAAAAAAAAAAAAAAAAAAAAAAAAAAAAAAAAAAA
m54313U_200903_184952/108069527/ccs,15,AAAAAAAAAAAAAAA
m54313U_200903_184952/108464225/ccs,279,AAAAAAAAAAAAAAAAAAAAAAAAAAAAAAAAAAAAAAAAAAAAAAAAAAAAAAAAAAAAAAAAAAAAAAAAAAAAAAAAAAAAAAAAAAAAAAAAAAAAAAAAAAAAAAAAAAAAAAAAAAAAAAAAAAAAAAAAAAAAAAAAAAAAAAAAAAAAAAAAAAAAAAAAAAAAAAAAAAAAAAAAAAAAAAGAAAAAAAAAAAAAAAAAAAAAAAAAAAAAAAAAAAAAAAAAAAAAAAAAAAAAAAAAAAAAAAAAAAAAAAAAAAAAAAAAAAAAAAA
m54313U_200903_184952/108594288/ccs,32,TTTTTTATTTTAAAAAAAAAGAAAAAAAAAAA
m54313U_200903_184952/108791572/ccs,140,TTTTTTTTTTTTTTTTTTTTTTCTTTTTTTTTTTTAAAAAAAAAAAAAAAAAAAAAAAAAAAAAAAAAAAAAAAAAAAAAAAAATTAAAAAAAAAAAAAAAAAAAAAAAAAAAAAAAAAAAAAAAAAAAAAAAAAAAAAA
m54313U_200903_184952/109053902/ccs,74,AAAAAAAAAAAAAAAAAAATAAAAAAAAAAAAAAAAAAAAAAAAAAAAGAAAAAAAAAAAAAAAAAAAAAAAAA
m54313U_200903_184952/109708851/ccs,69,TATATTTTTATTATATTTTTTTTTTTAAAAAAAAAAAAAAAAAAAAAAAAAAAAAAAAAAAAAAAAAAA
m54313U_200903_184952/111020263/ccs,99,TTTTTTTTTTTTTTTTTTTATAAGAAATTATTTTTTTTTTATTATATAAAAAAAAAAAAAAAAAAAAAAAAAAAAAAAAAAAAAAAAAAAAAAAGAAAA
m54313U_200903_184952/112001110/ccs,55,AAAAAAAAAAAAAAAAAAAAAAAAAAAAAAAAAAAAAAAAAAAAAAAAAAAAAAA
m54313U_200903_184952/112984756/ccs,86,TTTTTTTTTTATTTTTTATATAAATAAAAAAAAAAAAAAAAAAAAAAAAAAAAAAAAAAAAAAAAAAAAAAAAAAAAAAAAAAAAA
m54313U_200903_184952/113052404/ccs,49,AAAAAAAAAAAAAAAAAAAAAAAAAAAAAAAAAAAAAAAAAAAAAAAAA
m54313U_200903_184952/113641639/ccs,101,AAAAAAAAAAAAAAAAAAAAAAAAAAAAAAAAAAAAAAAAAAAAAAAAAAAAAAAAAAAAAAAAAAAAAAAAAAAAAAAAAAAAAAAAAAAAAAAAAAAAA
m54313U_200903_184952/114164019/ccs,176,AAAAAAAAAAAAAAAAAAAAAAAAAAAAAAAAAAAAAAAAAAAAAAAAAAAAAAAAAAAAAAAAAAAAAAAAAAAAAAAAAAAAAAAAAAAAAAAAAAAAAAAAAAAAAAAAAAAAAAAAAAAAAAAAAAAAAAAAAAAAAAAAAAAAAAAAAAAAAAAAAAAAAAAAAAAAAAAA
m54313U_200903_184952/114296535/ccs,71,TTTTTTTTTTTATTTAAAAAAAAAAAAAAAAAAAAAAAAAAAAAAAAGAAAAAAAAAATAAAAAAAAAAAA
m54313U_200903_184952/115214594/ccs,83,TTTTTTTTTTTTATCTTTTTATGTATTTTTTTTTTCAAAAAAAAAAAAAAAAAAAAAAAAAAAAAAAAAAAAAAAAAAAAAAA
m54313U_200903_184952/115738915/ccs,106,ATCTTTTTTTTTTTTTTTTTATATTATAAAAAAAAAAAAAAAACAAATAAAAAAAAAAAAAAAAAAAAAAAAAAAAAAAAAAAAAAAAAAAAAAAAAAAAAAAAAA
m54313U_200903_184952/116393045/ccs,33,AAAAAAAAAAAAAAAAAAAAAAAAAAAAAAAAA
m54313U_200903_184952/116459881/ccs,105,TATTATTTTTTTTTTTAAAAAAAAAAAAAAAAAAAAAAAAAAAAAAAAAAAAAAAAAAAAAAAAAAAAAAAAAAAAAAAAAAAAAAAAAAAAAAAAAAAAAAAAA
m54313U_200903_184952/116853370/ccs,44,CACCTGTTTTTTTTTTTTTTTTAAAAAAAAAAAAAAAAAAAAAA
m54313U_200903_184952/116918791/ccs,89,AAAAAAAAAAAAAAAAAAAAAAAAAAAAAAAAAAAAAAAAAAAAAAAAAAAAAAAAAAAAAAAAAAAAAAAAAAAAAAAAAAAAAAAAA
m54313U_200903_184952/117179259/ccs,74,TTTTTTTTTATATATTTTATATAAAAAAAAAAAAAAAAAAAAAAAAAAAAAAAAAAAAAAAAAAAAAAAAAAAA
m54313U_200903_184952/117181190/ccs,65,AAAAAAAAAAAAAAAAAAAAAAAAAAAAAAAAAAAAAAAAAAAAAAAAAAAAAAAAAAAAAAAAA
m54313U_200903_184952/117507207/ccs,156,AAAAAAAAAAAAAAAAAAAAAAAAAAAAAAAAAAAAAAAAAAAAAAAAAAAAAAAAAAAAAGAAATAAAAAAAAAAAAAAAAAACAAAAAAAAAAAAAAAAAAAAAAAAAAAAAAAAAAAAAAAAAAAAAAAAAAAAAAAAAAAAAAAAAAAAAAA
m54313U_200903_184952/117507687/ccs,295,AAAAAAAAAAAAAAAAAAAAAAAAAAAAAAAAAAAAAAAAAAAAAAAAAAAAAAAAAAAAAAAAAAAAAAAAAAAAAAAAAAAAAAAAAAAAAAAAAAAAAAAAAAAAAAAAAAAAAAAAAAAAAAAAAAAAAAAAAAAAAAAAAAAAAAAAAAAAAAAAAAAAAAAAAAAAAAAAAAAAAAAAAAAAAAAAAAAAAAAAAAAAAAAAAAAAAAAAAAAAAAAAAAAAAAAAAAAAAAAAAAAAAAAAAAAAAAAAAAAAAAAAAAAAAAAAAAAAAAAAAAAAAAAAAAAAAAA
m54313U_200903_184952/117770830/ccs,57,AATTTTTATTTTTTTAAAAATTAAAAAAAAAAAAAAAAAAAAAAAAAAAAAAAAAAA
m54313U_200903_184952/117964961/ccs,55,AAAAAAAAAAAAAAAAAAAAAAAAAAAAAAAAAAAAAAAATAAAAAAAAAAAAAA
m54313U_200903_184952/118293010/ccs,58,AAAAAAAAAAAAAAAAATTAATTTTATATTTTTTAAAAAAAAAAAAAAAAAAAAAAAA
m54313U_200903_184952/118816824/ccs,67,TTTTTTTTCTTTTTTTTTTTAAAAAAAAAAAAAAAAAAAAAAAAAAAAAAAAAAAAAAAAAAAAAAA
m54313U_200903_184952/119013452/ccs,59,TATTTTTTTTATTTAAAAAAAAAAAAGAAAAAAAAAAAAAAAAAAAAAAAAAAAAAAAA
m54313U_200903_184952/119013643/ccs,70,TTTTTTTTTTTTATTTTTCAAAAAAAAAAAAAAAAAAAAAAAAAAAAAAAAAAAAAAAAAAAAAAAAAAA
m54313U_200903_184952/119080200/ccs,39,AAAAAAAAAATAAAAAAAAAAAAAAAAAAAAAAAAAAAA
m54313U_200903_184952/119081598/ccs,68,TTTTTTTTTTTTTCTTTATTTTTTTAAAAAAAAAAAAAAAAAAAAAAAAAAAAAAAAAAAAAAAAAAA
m54313U_200903_184952/119343806/ccs,234,AAAAAAAATTTTTTTTTTTTTTAAAAAAAAAAAAAAAAAAAAAAAAAAAAAAAAAAAAAAAAAAAAAAAAAAAAAAAAAAAAAAAAAAAAAAAAAAAAAAAAAAAAAAAAAAAAAAAAAAAAAAAAAAAAAAAAAAAAAAAAAAAAAAAAAAAAAAAAAAAAAAAAAAAAAAAAAAAAAAAAAAAAAAAAAAAAAAAAAAAAAAAAAAAAAAAAAAAAAAAAAAAAAAAAAAAA
m54313U_200903_184952/119538433/ccs,63,TTTTATTTTATTTTTTTATAAAAAAAAAAAAAAAAAAAAAAAAAAAAAAAAAAAAAAAAAAAA
m54313U_200903_184952/119539065/ccs,50,ATTTTATTTTTTTTTTAAAAAAAAAAAAAAAAAAAAAAAAAAAAAAAAAA
m54313U_200903_184952/119867345/ccs,86,TTTTTTTTGTCTTTTTTTTTATCTTTTTAAAAAAAAAAAAAAAAAAAAAAAAAAAAAAAAAAAAAAAAAAAAAAAAAAAAAAAAAA
m54313U_200903_184952/120522374/ccs,178,AAAAAAAAAAAAAAAAAAAAAAAAAAAAAAAAAAAAAAAAAAAAAAAAAAAAAAAAAAAAAAAAAAAAAAAAAAAAAAAAAAAAAAAAAAAAAAAAAAAAAAAAAAAAAAAAAAAAAAAAAAAAAAAAAAAAAAAAAAAAAAAAAAAAAAAAAAAAAAAAAAAAAAAAAAAAAAAAAA
m54313U_200903_184952/120587399/ccs,55,TTTAAAATTTTTTTTTTTTTTATTTAATTTTAAAAAAAAAAAAAAAAAAAAAAAA
m54313U_200903_184952/120587399/ccs,0,
m54313U_200903_184952/120850151/ccs,73,AAAAAAAAAAAAAAAAAAAAAAAAAAAAAAAAAAAAAAAAAAAAAAAAAAAAAAAAAAAAAAAAAAAAAAAAA
m54313U_200903_184952/120915725/ccs,58,TTTTATTTTTTTTTTAAAAAAAAAAAAAAAAAAAAAAAAAAAAAAAAAAAAAAAAAAA
m54313U_200903_184952/121111992/ccs,97,AAAAAAAAAAAAAAAAAAAAAAAAAAAAAAAAAAAAAAAAAAAAAAAAAAAAAAAAAAAAAAAAAAAAAAAAAAAAAAAAAAAAAAAAAAAAAAAAA
m54313U_200903_184952/122225682/ccs,52,AAAAAAAAAAATAAAAAATAAAAAAAAAAAAAAAAAAAAAAAAAAAAAAAAA
m54313U_200903_184952/122226526/ccs,334,AAAAAAAAAAAAAAAAAAAAAAAAAAAAAAAAAAAAAAAAAAAAAAAAAAAAAAAAAAAAAAAAAAAAAAAAAAAAAAAAAAAAAAAAAAAAAAAAAAAAAAAAAAAAAAAAAAAAAAAAAAAAAAAAAAAAAAAAAAAAAAAAAAAAAAAAAAAAAAAAAAAAAAAAAAAAAAAAAAAAAAAAAAAAAAAAAAAAAAAAAAAAAAAAAAAAAAAAAAAAAAAAAAAAAAAAAAAAAAAAAAAAAAAAAAAAAAAAAAAAAAAAAAAAAAAAAAAAAAAAAAAAAAAAAAAAAAAAAAAAAAAAAAAAAAAAAAAAAAAAAAAAAAAAAAAAAA
m54313U_200903_184952/122814615/ccs,277,AAAAAAAAAAAAAAAAAAAAAAAAAAAAAAAAAAAAAAAAAAAAAAAAAAAAAAAAAAAAAAAAAAAAAAAAAAAAAAAAAAAAAAAAAAAAAAAAAAAAAAAAAAAAAAAAAAAAAAAAAAAAAAAAAAAAAAAAAAAAAAAAAAAAAAAAAAAAAAAAAAAAAAAAAAAAAAAAAAAAAAAAAAAAAAAAAAAAAAAAAAAAAAAAAAAAAAAAAAAAAAAAAAAAAAAAAAAAAAAAAAAAAAAAAAAAAAAAAAAAAAAAAAAAAAAAAAAAA
m54313U_200903_184952/123013462/ccs,105,TTTTTTTTTTCTTTTATTTTTATTTTTTAAAAAAAAAAAAAAAAAAAAAAAAAAAAAAAAAAAAAAAAAAAAAAATAAAAAAAAAAAAAAAAAAAAAAAAAAAAA
m54313U_200903_184952/123079155/ccs,91,TATTTTTCTTTTTATTTTTTTTTTTTAAAAAAAAAAAAAAAATAAAAAAAATAAAAAAATCAAAAAAAAAAAAAAAAAAAAAAAAAAAAAA
m54313U_200903_184952/123144201/ccs,41,AAAAAAAAAAAAAAAAAAAAAAAAAAAAAAAAAAAAAAAAA
m54313U_200903_184952/123537911/ccs,68,TTATTTTTTTTTTTTTAAAAAAAAAAAAAAAATTAAAAAAAAAAATAAAAAAAAAAAAAAAAAAAAAA
m54313U_200903_184952/123865415/ccs,56,TTTTATTTCTTTATTTAATTTTTATTAAAAAAAAAAAAAAAAAAAAAAAAAAAAAA
m54313U_200903_184952/124519767/ccs,223,AAAAAAAAAAAAAAAAAAAAAAAAAAAAAAAAAAAAAAAAAAAAAAAAAAAAAAAAAAAAAAAAAAAAAAAAAAAAAAAAAAAAAAAAAAAAAAAAAAAAAAAAAAAAAAAAAAAAAAAAAAAAAAAAAAAAAAAAAAAAAAAAAAAAAAAAAAAAAAAAAAAAAAAAAAAAAAAAAAAAAAAAAAAAAAAAAAAAAAAAAAAAAAAAAAAAAAAAAAAAAAA
m54313U_200903_184952/124652032/ccs,82,TTTTTTTTATTTTTTTTTTTTTAAAAAAAAAAAAATTTAAAAAAAAAAAAAAAAAAAAAAAAAAAATAAAAAAAAAAAAAAA
m54313U_200903_184952/13894684/ccs,46,AAAAAAAAAAAAAAAAAAAAAAAAAAAAAAAAAAAAAAAAAAAAAA
m54313U_200903_184952/14157942/ccs,48,AAAAAAAAAAAAAAAAAAAAAAAAAAAAAAAAAAAAAAAAAAAAAAAA
m54313U_200903_184952/14158050/ccs,68,TTTTTTTTTTTATTTTTTAAAAAAAAAAAAAAAAAGAAAAAAAACTAAAAAAAAAAAAAAAAAAAAAA
m54313U_200903_184952/14682008/ccs,332,AAAAAAAAAAAAAAAAAAAAAAAAAAAAAAAAAAAAAAAAAAAAAAAAAAAAAAAAAAAAAAAAAAAAAAAAAAAAAAAAAAAAAAAAAAAAAAAAAAAAAAAAAAAAAAAAAAAAAAAAAAAAAAAAAAAAAAAAAAAAAAAAAAAAAAAAAAAAAAAAAAAAAAAAAAAAAAAAAAAAAAAAAAAAAAAAAAAAAAAAAAAAAAAAAAAAAAAAAAAAAAAAAAAAAAAAAAAAAAAAAAAAAAAAAAAAAAAAAAAAAAAAAAAAAAAAAAAAAAAAAAAAAAAAAAAAAAAAAAAAAAAAAAAAAAAAAAAAAAAAAAAAAAAAAAAA
m54313U_200903_184952/15140781/ccs,54,AAAAAAAAAAAAAAAAAAAAAAAAAAAAAAAAAAAAAAAAAAAAAAAAAAAAAA
m54313U_200903_184952/15337091/ccs,125,AAAAAAAAAAAAAAAAAAAAAAAAAAAAAAAAAAAAAAAAAAAAAAAAAAAAAAAAAAAAAAAAAAAAAAAAAAAAAAAAAAAAAAAAAAAAAAAAAAAAAAAAAAAAAAAAAAAAAAAAAAAAA
m54313U_200903_184952/15468654/ccs,133,AAAAAAAAAAAAAAAAAAAAAAAAAAAAAAAAAAAAAAAAAAAAAAAAAAAAAAAAAAAAAAAAAAAAAAAAAAAAAAAAAAAAAAAAAAAAAAAAAAAAAAAAAAAAAAAGAAAAAAAAAAAAAAAAAAAAA
m54313U_200903_184952/15533392/ccs,86,TTCTTTTTTTATATTTCTTTATTTTTTTTTTTTTTAAAAAAAAAAAAAAAAAAAAAAAAAAAAAAGAAAAAAAAAAATTAAAAAAA
m54313U_200903_184952/15665417/ccs,247,AAAAAAAAAAAAAAAAAAAAAAAAAAAAAAAAAAAAAAAAAAAAAAAAAAAAAAAAAAAAAAAAAAAAAAAAAAAAAAAAAAAAAAAAAAAAAAAAAAAAAAAAAAAAAAAAAAAAAAAAAAAAAAAAAAAAAAAAAAAAAAATAAAAAAAAAAAAAAAAAAAAAAAAAAAAAAAAAAAAAAAAAAAAAAAAAAAAAAAAAAAAAAAAAAAAAAAAAAAAAAAAAAAAAAAAAAAAAAAAAAAAAAA
m54313U_200903_184952/15730305/ccs,55,TTTTTTTATTTTTTTTAATAAAAAAAAAAAAAAAAAAAAAAAAAAAAAAAAAAAA
m54313U_200903_184952/16253691/ccs,68,TTCTTTTTTTTTTTTTATTTTTAAAAAAAAAAAAAAAAAAAAAAAAAAAAAAAAAAAAAAAAAAAAAA
m54313U_200903_184952/125765622/ccs,76,TTTTTTTATTTTTTTTTTTTATAAAAAAAAAAAAAAAAAAAAAAAAAAAAAAAAAAAAAAAAAAAAAAAAAAAAAA
m54313U_200903_184952/126812480/ccs,62,TTCTTCTTTTATTTTTATTTAAATTTAAAAAAAAAAAAAAAAAAAAAAAAAAAAAAAAAAAA
m54313U_200903_184952/126943483/ccs,81,GAAAAAAAAAAAAAAAAAAAATAAAATAAAAAAAAAAAAAAAAAAAAAAAAAAAAAAAAAAAAAAAAAAAAAAAAAAAAAA
m54313U_200903_184952/126945324/ccs,72,AAAAAAAAAAAAAAAAAAAAAAAAAAAAAAAAAAAAAAAAAAAAAGAAAAAAAAAAAAAAAAAAAAAAAAAA
m54313U_200903_184952/127075710/ccs,245,AAAAAAAAAAAAAAAAAAAAAAAAAAAAAAAAAAAAAAAAAAAAAAAAAAAAAAAAAAAAAAAAAAAAAAAAAAAAAAAAAAAAAAAAAAAAAAAAAAAAAAAAAAAAAAAAAAAAAAAAAAAAAAAAAAAAAAAAAAAAAAAAAAAAAAAAAAAAAAAAAAAAAAAAAAAAAAAAAAAAAAAAAAAAAAAAAAAAAAAAAAAAAAAAAAAAAAAAAAAAAAAAAAAAAAAGAAAAAAAAAAAAA
m54313U_200903_184952/127077185/ccs,58,AAAAAAAAAAAAAAAAAAAAAAAAAAAAAAAAAAAAAAAAAAAAAAAAAAAAAAAAAA
m54313U_200903_184952/127271709/ccs,14,AAAAAAAAAAAAAA
m54313U_200903_184952/127665546/ccs,49,TTTTTTTTTATTTATTTTTATTTTTTTTAAAAAAAAAAAAAAAAAAAAA
m54313U_200903_184952/127862425/ccs,321,AAAAAAAAAAAAAAAAAAAAAAAAAAAAAAAAAAAAAAAAAAAAAAAAAAAAAAAAAAAAAAAAAAAAAAAAAAAAAAAAAAAAAAAAAAAAAAAAAAAAAAAAAAAAAAAAAAAAAAAAAAAAAAAAAAAAAAAAAAAAAAAAAAAAAAAAAAAAAAAAAAAAAAAAAAAAAAAAAAAAAAAAAAAAAAAAAAAAAAAAAAAAAAAAAAAAAAAAAAAAAAAAAAAAAAAAAAAAAAAAAAAAAAAAAAAAAAAAAAAAAAAAAAAAAAAAAAAAAAAAAAAAAAAAAAAAAAAAAAAAAAAAAAAAAAAAAAAAAAAAA
m54313U_200903_184952/128385965/ccs,41,AAAAAAAAAAAAAAAAAAAAAAAAAAAAAAAAAAAAAAAAA
m54313U_200903_184952/128386525/ccs,317,AAAAAAAAAAAAAAAAAAAAAAAAAAAAAAAAAAAAAAAAAAAAAAAAAAAAAAAAAAAAAAAAAAAAAAAAAAAAAAAAAAAAAAAAAAAAAAAAAAAAAAAAAAAAAAAAAAAAAAAAAAAAAAAAAAAAAAAAAAAAAAAAAAAAAAAAAAAAAAAAAAAAAAAAAAAAAAAAAAAAAAAAAAAAAAAAAAAAAAAAAAAAAAAAAAAAAAAAAAAAAAAAAAAAAAAAAAAAAAAAAAAAAAAAAAAAAAAAAAAAAAAAAAAAAAAAAAAAAAAAAAAAAAAAAAAAAAAAAAAAAAAAAAAAAAAAAAAAA
m54313U_200903_184952/128387364/ccs,102,TTTTTTTTTTTTTATTTTTAAAAAAAAAAAAAAAAAAAAAAAAAAAAAAAAAAAAAAAAAAAAAAAAAAAAAAAAAAAAAAAAAAAAAAAAAAAAAAAAAAA
m54313U_200903_184952/128387849/ccs,89,AATCTTTTTTTTATATTTTATAAAAAAAAAAAAAAAGAAAAAAAAAAAAAATAAAAAAAAAAAAAAAAAAAAAAAAAAAAAAAAAAAAA
m54313U_200903_184952/128581687/ccs,82,CACCTTCTGAGTGATTTAATTTTTTTTATTTTATTTTTTTTAAAAAAAAAAAAAAAAAAAAAAAAAAAAAAAAAAAAAAAAA
m54313U_200903_184952/128712743/ccs,59,AAAAAAAAAAAAAAAAAAAAAAAAAAAAAAAAAAAAAAAAAAAAAAAAAAAAAAAAAAA
m54313U_200903_184952/128845262/ccs,81,TTTTTTTTTTTTTTATTTTTTAAAAAAAAAAAAAAAAAAAAAAAAAAAAAAAAAAAAAAAAAAAAAAAAAAAAAAAAAAAA
m54313U_200903_184952/129172183/ccs,73,TTTTTTTTTATATTCTTTTTTTTATATTTATTTTATATATAAAAAAAAAAAAAAAAAAAAAAAAAAAAAAAAA
m54313U_200903_184952/129434434/ccs,63,AAAAAAAAAAAAAAAAAAAAAAAAAAAAAAAAAAAAAAAAAAAAAAAAAAAAAAGAAAAAAAA
m54313U_200903_184952/129434534/ccs,54,AAAAAAAAAAAAAAAAAAAAAAAAAAAAAAAAAAAAAAAAAAATATAAAAAAAA
m54313U_200903_184952/129435915/ccs,84,ACTTTGTTATATTTTTTTTTTTCATTTTTTTTTTAAAAAAATTAAAAAAAAAAAAAAAAAAAAAAAAAAAAAGAAAAAAAAAAA
m54313U_200903_184952/129565487/ccs,90,AAAAATTTTTTTTTTTTTTATTTTTAAAAAAAAAAAAAAATAAATAAAAAAAAAAAAAAAAAAAAAAAAAAAAAAAAAAAAAAAAAAAAA
m54313U_200903_184952/129632133/ccs,99,AAAAAAATTAAAAAAAAAAAAAAAAAAAAAAAAAAAAAAAAAAAAAAAAAAAAAAAAAAAAAAAAAAAAAAAAAAAAAAAAAAAAAAAAAAAAAAAAAA
m54313U_200903_184952/129960757/ccs,70,TTTTTTTATTTTTTTTTATTTTAAAAAAAAAAAAAAAAAAAAAAAAAAAAAAAAAAAAAAAAAAAAAAAA
m54313U_200903_184952/130288238/ccs,95,TTTTTTTTTTTTTTATTAAAAAAAAAAAAAAAAAAAAAAAAAAAAAAAAAAAAAAAAAAAAAAAAAAAAAAAAAAAAAAAAAAAAAAAAAAAAAA
m54313U_200903_184952/130613537/ccs,148,AAAAAAAAAAAAAAAAAAAAAAAAAAAAAAAAAAAAAAAAAAAAAAAAAAAAAAAAAAAAAAAAAAAAAAAAAAAAAAAAAAAAAAAAAAAAAAAAAAAAAAAAAAAAAAAAAAAAAAAAAAAAAAAAAAAAAAAAAAAAAAAAAAAA
m54313U_200903_184952/131336127/ccs,31,TTTTTTAATTTTATTAAAAAAAAAAAAAAAA
m54313U_200903_184952/131467999/ccs,45,AAAAAAAAAAAAAAAAAAAAAAAAAAAAAAAAAAAAAAAAAAAAA
m54313U_200903_184952/131728645/ccs,65,TTTTTTATTTTTTTTTTTTTTTAAAAATAAAAAAAAAAAAAAAAAAAAAAAAAAAAAAAAAAAAA
m54313U_200903_184952/132711493/ccs,92,GTAGAATTTTTTTTTTTTTTTATTATAAAAAATAAAATTAAAAAAAAAAAAAAAAAAAAAAAAAAAAAAAAAAAAAAAAAAAAAAAAAAAAA
m54313U_200903_184952/133039397/ccs,42,ATTTTTTCTTTTTATTTTTTTTAAAAAAAAAAAAAAAAAAAA
m54313U_200903_184952/133106136/ccs,74,TTTTTTTTTTTTTTTTATCTTTTTAAAAAAAAAAAAAAAAAAAAAAAAAAAAAAAAAAAAAAAAAAAAAAAAAA
m54313U_200903_184952/134021602/ccs,295,AAAAAAAAAAAAAAAAAAAAAAAAAAAAAAAAAAAAAAAAAAAAAAAAAAAAAAAAAAAAAAAAAAAAAAAAAAAAAAAAAAAAAAAAAAAAAAAAAAAAAAAAAAAAAAAAAAAAAAAAAAAAAAAAAAAAAAAAAAAAAAAAAAAAAAAAAAAAAAAAAAAAAAAAAAAAAAAAAAAAAAAAAAAAAAAAAAAAAAAAAAAAAAAAAAAAAAAAAAAAAAAAAAAAAAAAAAAAAAAAAAAAAAAAAAAAAAAAAAAAAAAAAAAAAAAAAAAAAAAAAAAAAAAAAAAAAAA
m54313U_200903_184952/134284244/ccs,38,AAAAAAAAAAAAAAAAAAAAAAAAAAAAAAAAAAAAAA
m54313U_200903_184952/134939360/ccs,58,TTTTTATTCTTTTTTTTTTAAAAAAAAAAAAAAAAAAAAAAAAAAAAAAAAAAAAAAA
m54313U_200903_184952/135202605/ccs,274,AAAAAAAAAAAAAAAAAAAAAAAAAAAAAAAAAAAAAAAAAAAAAAAAAAAAAAAAAAAAAAAAAAAAAAAAAAAAAAAAAAAAAAAAAAAAAAAAAAAAAAAAAAAAAAAAAAAAAAAAAAAAAAAAAAAAAAAAAAAAAAAAAAAAAAAAAAAAAAAAAAAAAAAAAAAAAAAAAAAAAAAAAAAAAAAAAAAAAAAAAAAAAAAAAAAGAAAAAAAAAAAAAAAAAAAAAAAAAAAAAAAAAAAAAAAAAAAAAAAAAAAAAAAAAAAAAA
m54313U_200903_184952/135530944/ccs,19,AAAAAAAAAAAAAAAAAAA
m54313U_200903_184952/135857332/ccs,52,AAAAAAAAAAAAAAAAAAAAAAAATAAAAAAAAAAAAAAAAAAAAAAAAAAA
m54313U_200903_184952/136249604/ccs,42,AAAAAAAAAAAAAAAAAAAAATAAAAAAAAAAAAAAAAAAAA
m54313U_200903_184952/136710346/ccs,267,AAAAAAAAAAAAAAAAAAAAAAAAAAAAAAAAAAAAAAAAAAAAAAAAAAAAAAAAAAAAAAAAAAAAAAAAAAAAAAAAAAAAAAAAAAAAAAAAAAAAAAAAAAAAAAAAAAAAAAAAAAAAAAAAAAAAAAAAAAAAAAAAAAAAAAAAAAAAAAAAAAAAAAAAAAAAAAAAAAAAAAAAAAAAAAAAAAAAAAAAAAAAAAAAAAAAAAAAAAAAAAAAAAAAAAAAAAAAAAAAAAAAAAAAAAAAAAAAGAAAAAAAAAA
m54313U_200903_184952/137365429/ccs,106,AAAAAAAAAAAATTAAAAAAAAAAAAAAAAAAAAAAAAAAAAAAAAAAAGAAAAAAAAAAAAAAAAAAAAAAAAAAAAAAAAAAAAAAAAAAAAAAAAAAAAAAAA
m54313U_200903_184952/137561949/ccs,79,AAAAAATTTTTTTTTTTTTATTATATATAAAAAAAAAAAAAAAAAAAAAAAAAAAAAAAAAAAAAAAAAATAAAAAAAA
m54313U_200903_184952/137627589/ccs,66,TATTTTTTTTTTTCTTTTTTTTTATTTAAAAAAAAAAAAAAAAAAAAAAAAAAAAAAAAAAAAAAA
m54313U_200903_184952/137823270/ccs,146,AAAAAAAAAAAAAAAAAAAAAAAAAAAAAAAAAAAAAAAAAAAAAAAAAAAAAAAAAAAAAAAAAAAAAAAAAAATAAAAAAAAAAAAAAAAAAAAAAAAAAAAAAAAAAAAAAAAAAAAAAAAAAAAAAAAAAAAAAAAAAAAAA
m54313U_200903_184952/138610293/ccs,49,TTTATTTTTCTTTTTTTTTATTATATATAAAAAAAAAAAAAAAAAAAAA
m54313U_200903_184952/138938694/ccs,45,AAAAAAAAAAAAAAAAAAAAAAAAAAAAAAAAAAAAAAAAAAAAA
m54313U_200903_184952/139200570/ccs,48,TATCTTTTTATATATATTTTATTTTTTTATTTTAAAAAAAAAAAAAAA
m54313U_200903_184952/139724655/ccs,136,AAAAAAAAAAAAAAAAAAAAAAAAAAAAAAAAAAAAAAAAAAAAAAAAAAAAAAAAAAAAAAAAAAAAAAAAAAAAAAAAAAAAAAAAAAAAAAAAAAAAAAAAAAAAAAAAAAAAAAAAAAAAAAAAAAAAAAAA
m54313U_200903_184952/139855215/ccs,61,TTTATTATTCTTTTTTTTTTTAAAAAAAAAAAAAAAAAAAAAAAAAAAAAAAAAAAAAAAA
m54313U_200903_184952/139921228/ccs,113,TTTTTTTTTTTTTTATAAATATTTTTAAAAAAAAAAAAAAAAAAAAAAAAAAAAAAAAAAAAAAAAAAAAAAAAAAAAAAAAAAAAAAAAAAAAAAAAAAAAAAAAAAAAAAA
m54313U_200903_184952/140051673/ccs,77,TTATTTTTTTTTTTAAAAAAAAAAAAAAAAAAAAAAAAAAAAAAAAAAAAAAAAAAAAAAAAAAAAAAAAAAAAAAA
m54313U_200903_184952/140118453/ccs,98,TTTTTTTTTTTTTTAAATATTAAAAAAGAAAAAAAAAAAAAAAAAAAAAAAAAAAAAAAAAAAAAAAAAAAAAAAAAAAAAAAAAAAAAAAAAAAAAA
m54313U_200903_184952/140445951/ccs,93,AAAAAAAAAAAAAAAAAAAAAAAAAAAAAAAAAAAAAAAAAAAAAAAAAAAAAAAAAAAAAAAAAAAAAAAAAAAAAAAAAAAAAAAAAAAAA
m54313U_200903_184952/141166859/ccs,38,AAAAAAAAAAAAAAAAAAAAAAAAAAAAAAAAAAAAAA
m54313U_200903_184952/141363103/ccs,75,TTTTTTTATTTTTTTTAAAAAAAAAAAAAAAAAAAAAAAAAAAAAAAAAAAAAAAAAAAAAAAAAAAAAAAAAAA
m54313U_200903_184952/141623925/ccs,72,TTTTTTTTTATTTTTTTATTTTTAAAAAAATTAAAAAAAAAAAAAAAAAAAAAAAAAAAAAAAAAAAAAAAA
m54313U_200903_184952/142739426/ccs,40,TATTTTTTTTATATTTTTTATATATAAATAAAAAAAAAAA
m54313U_200903_184952/143065491/ccs,92,AAAAAAAAAAAAAAAAAAAAAAAAAAAAAAAAAAAAAAAAAAAAAAAAAAAAAAAAAAAAAAAAAAAAAAAAAAAAAAAAAAAAAAAAAAAA
m54313U_200903_184952/144311842/ccs,71,AAAAAAAAAAAAAAAAAAAAAAAAAAAAAATAAAAAAAAAAAAAAAAAAAAAAAAAAAAAGAAAAAAAAAA
m54313U_200903_184952/144771403/ccs,101,TTTTTTTTTTTTTTTTTTTTTAAAAGAAAAAAAAAAAAAAAAAAAAAAAAAAAAAAAAAAAAAAAAAAAAAAAAAAAAAAAAATAAAAAAAAAAAAAAAAA
m54313U_200903_184952/144771403/ccs,0,
m54313U_200903_184952/144967452/ccs,86,TTTTTAAAAAAAAAAAAAAAAAAAAAAAAAAAAAAAAAAAAAAAAAAAAAAAAAAAAAAAAAAAAAAAAAAAAAAAAAAAAAAAAA
m54313U_200903_184952/145293431/ccs,44,TGCGGGATTTTTAATTTTTTATTATATATTTAAAAAAAAAAAAA
m54313U_200903_184952/145687836/ccs,81,AAAAAAAAAAAAAAAAAAAAAAAAAAAAAAAAAAAAAAAAAAAAAAAAAAAAAAAAAAAAAAAAAAAAAAAAAAAAAAAAA
m54313U_200903_184952/147129526/ccs,107,TTTTTTTTTTCTTTTATTTTTATTTTTTAAAAAAAAAAAAAAAAAAAAAAAAAAAAAAAAAAAAAAAAAAAAAAAAATAAAAAAAAAAAAAAAAAAAAAAAAAAAAA
m54313U_200903_184952/147654457/ccs,163,AAAAAAAAAAAAAAAAAAAAAAAAAAAAAAAAAAAAAAAAAAAAAAAAAAAAAAAAAAAAAAAAAAAAAAAAAAAAAAAAAAAAAAAAAAAAAAAAAAAAAAAAAAAAAAAAAAAAAAAAAAAAAAAAAAAAAAAAAAAAAAAAAAAAATCAACGATCCCATA
m54313U_200903_184952/147915251/ccs,313,AAAAAAAAAAAAAAAAAAAAAAAAAAAAAAAAAAAAAAAAAAAAAAAAAAAAAAAAAAAAAAAAAAAAAAAAAAAAAAAAAAAAAAAAAAAAAAAAAAAAAAAAAAAAAAAAAAAAAAAAAAAAAAAAAAAAAAAAAAAAAAAAAAAAAAAAAAAAAAAAAAAAAAAAAAAAAAAAAAAAAAAAAAAAAAAAAAAAAAAAAAAAAAAAAAAAAAAAAAAAAAAAAAAAAAAAAAAAAAAAAAAAAAAAAAAAAAAAAAAAAAAAAAAAAAAAAAAAAAAAAAAAAAAAAAAAAAAAAAAAAAAAAAAAAAAAA
m54313U_200903_184952/148179740/ccs,109,TTCTTTTTTATTTTTTCAAATAAATAAAAAAAAAAAAAATAAAAAAAAAAAAAAAAAAAAAAAAAAAAAAAAAAAAAAAAAAAAAAAAAAAAAAAAAAAAAAAAAAAAA
m54313U_200903_184952/148505387/ccs,104,TTTTTTTTTTTTTTATTTTTAAAATAAAAAAAAAAAAAAAAAAAAAAAAAAAAAAAAAAAAAAAAAAAAAAAAAAAAAAAAAAAAAAAAAAAAAAAAAAAATAA
m54313U_200903_184952/149750794/ccs,68,TATTTATTTTTTTATTTTATTTAAATAAAAAAATAAAAAAAAAAAAAAAAAAAAAAAAAAAAAAAAAA
m54313U_200903_184952/149949145/ccs,39,TTTATTTATTTTATTTTTTTATTAAAAAAAAAAAAAAAA
m54313U_200903_184952/150406432/ccs,37,AAAAAAAAAAAAAAAAAAAAAAAAAAAAAAAAAAAAA
m54313U_200903_184952/150473097/ccs,122,CTTATTTTTTCTTCGTATATATTATTTTTTTTTTTTATTAAAAAAAAAAAAAAAAAAAAAAAAAAAAAAAAAAAAAAAAAAAAAAAAAAAAAAAAAAAAAAAAAAAAAAAAAAAAAAAAAAA
m54313U_200903_184952/151521450/ccs,34,AAAAAAAAAAAAAAAAAAAAAAAAAAAAAAAAAA
m54313U_200903_184952/151718184/ccs,94,AAAAAAAAAAATTTTTTTATTTTTTTTTTTTTATTAAAAAAAAAAAAAAAAAAATTTAAAAAAAAAAAAAAAAAAAAAAAAAAAAAAAAAAAAA
m54313U_200903_184952/152109486/ccs,67,ATGTTTTTATTTTTTTTCTTTTAAAAAAAAAAAAAAAAAAAAAAAAAAAGAAAAAAAAAAAAAAAAA
m54313U_200903_184952/152766853/ccs,205,TTTTTTTTTTTTTTATAAAAAAATAAAAATAAAAAAAAAAAAAAAAAAAAAAAAAAAAAAAAAAAAAAAAAAAAAAAAAAAAAAAAAAAAAAAAAAAAAAAAAAAAAAAAAAAAAAAAAAAAAAAAAAAAAAAAAAAAAAAAAAAAAAAAAAAAAAAAAAAAAAAAAAAAAAAAAAAAAAAAAAAAAAAAAAAAAAAAAAAAAAA
m54313U_200903_184952/16319262/ccs,77,AAAAAAAAAAAAAAAAAAAAAAAAAAAAAAAAAAAAAAAAAAAAAAAAAAAAAAAAAAAAAAAAAAAAAAAAAAAAA
m54313U_200903_184952/16385920/ccs,264,ATAAAAAAAAAAAAAAAAAAAAAAAAAAAAAAAAAAAAAAAAAAAAAAAAAAAAAAAAAAAAAAAAAAAAAAAAAAAAAAAAAAAAAAAAAAAAAAAAAAAAAAAAAAAAAAAAAAAAAAAAAAAAAAAAAAAAAAAAAAAAAAAAAAAAAAAAAAAAAAAAAAAAAAAAAAAAAAAAAAAAAAAAAAAAAAAAAAAAAAAAAAAAAAAAAAAAAAAAAAAAAAAAAAAAAAAAAAAAAAAAAAAAAAAAAAAAAAAAAAAAAA
m54313U_200903_184952/16386034/ccs,301,ATTAAAAAAAAAAAAAAAAAAAAAAAAAAAAAAAAAAAAAAAAAAAAAAAAAAAAAAAAAAAAAAAAAAAAAAAAAAAAAAAAAAAAAAAAAAAAAAAAAAAAAAAAAAAAAAAAAAAAAAAAAAAAAAAAAAAAAAAGAAAAAAAAAAAAAAAAAAAAAAAAAAAAAAAAAAAAAAAAAAAAAAAAAAAAAAAAAAAAAAAAAAAAAAAAAAAAAAAAAAAAAAAAAAAAAAAAAAAAAAAAAAAAAAAAAAAAAAAAAAAAAAAAAAAAAAAAAAAAAAAAAAAAAAAAAAAAAAAAAA
m54313U_200903_184952/16845432/ccs,83,ATTTTTTTTATATTTTAAAAAAAAAAAAAAAAAAAAAAAAAAAAAAAAAAAAAAAAAAAAAAAAAAAAAAAAAAAAAAAAAAA
m54313U_200903_184952/18025194/ccs,39,AAAAAAAAAAAAAAAAAAAAAAAAAAAAAAAAAAAAAAA
m54313U_200903_184952/18220107/ccs,70,TATTTTTTTTTATTATTCTTTTCTTTTTTTTTAAAAAAAAAAAAAAAAAAAAAAAAAAAAAAAAAAAAAA
m54313U_200903_184952/18287176/ccs,28,TTTTAAATCTTTTAAAAAAAAAAAAAAA
m54313U_200903_184952/18612971/ccs,97,AAAAAAAAAAAAAAAAATAAAAAAAAAAAAAAAAAAAAAAAAAAAAAAAAAAAAAAAAAAAAAAAAAAAAAAAAAAAAAAAAAAAAAAAAAAAAAAA
m54313U_200903_184952/155059415/ccs,67,TTTTTCTTATTATTTTTTTTATTTTAAAAAAAAAAAAAAAAAAAAAAAAAAAAAAAAAAAAAAAAAA
m54313U_200903_184952/156238086/ccs,78,TTTTTTTTTTTTTTTTTTTTTTAAAAAAAAAAAAAAAAAAAAAAAAAAAAAAAAAAAAAAAAAAAAAAAATAAAAAAA
m54313U_200903_184952/156370346/ccs,45,TCTTTTTTATTTTTTTTTATTTTTTAAAGAAAAAAAAAAAAAAAA
m54313U_200903_184952/156893482/ccs,44,TTTTTTTTTATTTTAAAAAAAAAAAAAAAAAAAAGAAAAAAAAA
m54313U_200903_184952/158926769/ccs,33,AAAAAAAAAAAAAAAAAAAAAAAAAAAAAAAAA
m54313U_200903_184952/158992846/ccs,63,AAAAAAAAAAAAAAAAAAAAAAAAAAAAAAATAAAAAAAAAAAAAAAAAAAAGAAAAAAAAAA
m54313U_200903_184952/159058748/ccs,133,TCTTTTTTATTTTTTTTTTTTTTTTTTAAAAAAAAAAAAAAAAAAAAATTTTAAATATAAAAAAAAAAAAAATAAAAAAAAAAAAAAAAAAAAAAAAAAAAAAAAAAAAAAAAAAAAAAAAAAAAAAAAAAAA
m54313U_200903_184952/159254515/ccs,56,AAAAAAAAAAAAATTTTTTTTTTTATTTTATTTTTAAAGAAAAAAAAAAAAAAAAA
m54313U_200903_184952/160499717/ccs,72,AAAAAAAAAAAAAAAAAAAAAAAAAAAAAAAAAAAAAAAAAAAAAAAAAAAAAAAAAAAAAAAAAAAAAAAA
m54313U_200903_184952/160629802/ccs,42,AAAAAAAAAAAAAAAAAAAAAAAAAAAAAAAAAAAAAAAAAA
m54313U_200903_184952/161089273/ccs,127,TTTTTTTTTTTTTTTTTTTTTTTTTAAAAAAAAAAAAAAATTAAAAATTTTAAAAAAAAAACACAAAAAAAAAAAAAAAAAAAAAAAAAAAAAAAAAAAAAAAAAAAAAAAAAAAAAAAAAAAAAAA
m54313U_200903_184952/161483277/ccs,63,AAAAAATTAAAAAAAAAAAAAAAAAAAACAAAAAAAAAAAAAAAAAAAAAAAAAAAAAAAAAA
m54313U_200903_184952/162267164/ccs,423,AAAAAAAAAAAAAAAAAAAAAAAAAAAAAAAAAAAAAAAAAAAAAAAAAAAAAAAAAAAAAAAAAAAAAAAAAAAAAAAAAAAAAAAAAAAAAAAAAAAAAAAAAAAAAAAAAAAAAAAAAAAAAAAAAAAAAAAAAAAAAAAAAAAAAAAAAAAAAAAAAAAAAAAAAAAAAAAAAAAAAAAAAAAAAAAAAAAAAAAAAAAAAAAAAAAAAAAAAAAAAAAAAAAAAAAAAAAAAAAAAAAAAAAAAAAAAAAAAAAAAAAAAAAAAAAAAAAAAAAAAAAAAAAAAAAAAAAAAAAAAAAAAAAAAAAAAAAAAAAAAAAAAAAAAAAAAAAAAAAAAAAAAAAAAAAAAAAAAAAAAAAAAAAAAAAAAAAAAAAAAAAAAAAAAAAAAAAAAAAAAAAAAAAAAAAAAAAAAAAAAAA
m54313U_200903_184952/162269853/ccs,74,TTTTTAGATTTATTTTTTTTTATTTTTAAAAAAAAATAAAAAAAAAAAAAAAAAAAAAAAAAAAAAAAAAAAAA
m54313U_200903_184952/162792502/ccs,71,CTTTTTTTTATATTTTATTTAAAAAAAAAAAAAAAAAAAAAAAAAAAAAAAAAAAAAAAAAAAAAAAAAAA
m54313U_200903_184952/163841079/ccs,86,TTTTATTTTTTTTTATTTAAAAAAAAAAAAAAAAAAAAAAAAAAAAAAAAAAAAAAAAAAAAAAAAAAAAAAAAAATAAAAAAAAA
m54313U_200903_184952/164431587/ccs,55,TTTTTTTTTTTTTTTTTAAAAAATTAAAAAAAAAAAAAAAAAAAAAAAAAAAAAA
m54313U_200903_184952/164431994/ccs,139,TTTTTTTTATCTTTGTTCTAATTTTTTTTTTATTAAAAAAAAAAAAAAAAAAAAAAAAAAAAAAAAAAAAAAAAAAAAAAAAAAAAAAAAAAAAAAAAAAAAAAAAAAAAAAAAAAAAAAAAAAAAAAAAAAAAAAAAA
m54313U_200903_184952/167642849/ccs,64,TTTTATTTTTTTTATTTAAAAAAAAAAAAAAAAAAAAAAAAAAAAAAAAAAAAAAAAAAAAAAA
m54313U_200903_184952/168299230/ccs,57,TTTTATATTTTTTTTTTTTTTATTAAAAAAAAAAAAAAAAAAAAAAAAAAAAAAAAA
m54313U_200903_184952/168495597/ccs,104,TTTTTTTTTTTTTTTTTTTATATAAAATAAAAAAAAAAAAAAAAATTAAAAAAAAAAAAAAAAAAAAAAAAAAAAAAAAAAAAAAAAAAAAAAAAAAAAAAAAA
m54313U_200903_184952/168625943/ccs,0,
m54313U_200903_184952/168689734/ccs,47,AAAAAAAAAAAAAAAAAAAAAAAAAAAAAAAAAAAAAAAAAAAAAAA
m54313U_200903_184952/168756701/ccs,49,AAAAAAAAAAAAAAAAAAAAAAAAAAAAAAAAAAAAAAAAAAAAAAAAA
m54313U_200903_184952/169216131/ccs,97,AAAAAAAAAAAAAAAAAAAAAAAAAAAAAAAAAAAAAAAAAAAAAAAAAAAAAAAAAAAAAAAAAAAAAAATAAAAAAAAAAAAAAAAAAAAAAAAA
m54313U_200903_184952/169216623/ccs,74,TTTTTTCTTTTTTTTTTTTTTAAAAAAAAAAAAAAAAAAAAAAAAAAAAAAAAAAAAAAAAAAAAAAAAAAAAA
m54313U_200903_184952/170262973/ccs,99,TTTTTTTTCAAAAAAAAAAAAAAAAAAAAATATAAAAAAAAAAAAAAAAAAAAAAAAAAAAAAAAAAAAAAAAAAAAAAAAAAAAAAAAAAAAAAAAAA
m54313U_200903_184952/170657986/ccs,70,AAAAAAAAAAAAAAAAAAAAAAAAAAAAAATTAAAAAAAAAAAAAAAAAAAAAAAAAAAAAAAAAAAAAA
m54313U_200903_184952/171051837/ccs,74,AAAAAAAAAAAAAAAAAAAAAAAAAAAAAAAAAAAAAAAAAAAAAAAAAAAAAAAAAAAAAAAAAAAAAAAAAA
m54313U_200903_184952/171116715/ccs,45,TTATTATTTTTTATTTTTTTTATATAAAAAAAAAAAAAAAAAAAA
m54313U_200903_184952/171573845/ccs,57,TTTTTTTATTATTATTTTATTATTAAAAAAAAAAAAAAAAAAAAAAAAAAAAAAAAA
m54313U_200903_184952/171836801/ccs,76,TATTTTTTTTTTCTTTTTTTTATTTTTATTTAAAAAAAAAAAAAAAAAAAAAAAAAAAAAAAAAAAAAAAAAAAAA
m54313U_200903_184952/172362472/ccs,75,TTTTTTTTTTTATTTTTTTATAAAAAAAAAAAAAAAAAAAAAAAAAAAAAAAAAAAAAAAAAAAAAAAAAAAAAA
m54313U_200903_184952/173278646/ccs,50,AAAAAAAAAAAAAAAAAAAAAAAAAAAAAAAAAAAAAAAAAAAAAAAAAA
m54313U_200903_184952/173409117/ccs,49,ATAATTTTATTTTTTTTTTTATTTTAAAAAAAAAAAAAAAAAAAAAAAA
m54313U_200903_184952/174065037/ccs,30,AAAAAAAAAAAAAAAAAAAAAAATAAAAAA
m54313U_200903_184952/174195824/ccs,58,AAAAAAAAAAAAAAAAAAAAAAAAAAAAAAAAAAAAAAAAAAAAAAAAAAAAAAAAAA
m54313U_200903_184952/174393411/ccs,83,TTCTTTTTTTTTTTTTTATATTTTATATTAAAAAAAATTAAAAAAAAAAAAAAAAAAAAAAAAAAAAAAAAAAAAAAAAAAAA
m54313U_200903_184952/174654154/ccs,46,TCTTTTCTTTTATTTTTTTTTTTTATAAAAAAAAAAAAAAAAAAAA
m54313U_200903_184952/175114300/ccs,40,AAAAAAAAAAAAAAAAAAAAAAAAAAAAAAAAAAAAAAAA
m54313U_200903_184952/175244081/ccs,56,TTAAAAAAAAAAAAAAAAAAAAAAAAAAAAAAAAAAAAAAAAAAAAAAAAAAAAAA
m54313U_200903_184952/175442380/ccs,70,TATTATCTTTCTATTTTTTTTTTTATTTTTTGAATAAAATTTTTTTTAAAAAAAAAAAAAAAAAAAAAAA
m54313U_200903_184952/175704791/ccs,73,AAAAAAAAAAAAAAAAAAAAAAAAAAAAAAAAAAAAAAAAAAAAAAAAAAAAAAAAAAAAAAAAAAAAAAAAA
m54313U_200903_184952/175833237/ccs,125,TCTTTTTCTTTTATATTATCATTGAAATTTTTATAATTTTTTTATTTAAAAAAAAAAAAAAAAAAAAAAAAAAAAAAAAAAAAAAAAGAAAAAAAAAAAAAAAAAAAAAAAAAAAAAAAAAAAAA
m54313U_200903_184952/175834323/ccs,66,TTTTTATCTTTTATTTTTATAAAAAAAAAAAAAAAAAAAAAAAAAAAAAAAAAAAAAAAAAAAAAA
m54313U_200903_184952/176881714/ccs,75,TCTTTTTTTTTCTTTTTTTTTTTTTTTTAAAAAAAAAAAAAAAAAAAAAAAAAAAAAAAAAAAAAAAAAAAAAAA
m54313U_200903_184952/177670246/ccs,64,AAAAAAAAAAAAAAAAAAAAAAAAAAAAAAAAAAAAAAAAAAAAAAAAAAAAAAAAAAAAAAAA
m54313U_200903_184952/177865750/ccs,68,TTATATATTTTTTTATTTTTTTTTAAAAAAAAAAAAAAAAAAAAAAAAAAAAAAAAAAAAAAAAAAAA
m54313U_200903_184952/177866038/ccs,42,AAAAAAAAAAAAAAAAAAAAAAAAAAAAAAAAAAAAAAAAAA
m54313U_200903_184952/177867191/ccs,114,CACCTCTGGAAGCTATTTTTCTTTTTTTTTCTTTTTTTTTTTTTAAAAAAAAAAAAATAAAAAAAAAAAAAAAAAAAAAAAAAAAAAAAAAAAAAAAAAAAAAAAAAAAAAAAA
m54313U_200903_184952/178915923/ccs,54,AAAAAAAAAAAAAAAAAAAAAAAAAAAAAAATAAAAAAAAAAAAAAAAAAAAAA
m54313U_200903_184952/178979760/ccs,102,TTTTTTTTTTTATTTTTAAAATAAAAAAAAAAAAAAAAAAAAAAAAAAAAAAAAAAAAAAAAAAAAAAAAAAAAAAAAAAAAAAAAAAAAAAAAAAAAATAA
m54313U_200903_184952/180357002/ccs,327,AAAAAAAAAAAAAAAAAAAAAAAAAAAAAAAAAAAAAAAAAAAAAAAAAAAAAAAAAAAAAAAAAAAAAAAAAAAAAAAAAAAAAAAAAAAAAAAAAAAAAAAAAAAAAAAAAAAAAAAAAAAAAAAAAAAAAAAAAAAAAAAAAAAAAAAAAAAAAAAAAAAAAAAAAAAAAAAAAAAAAAAAAAAAAAAAAAAAAAAAAAAAAAAAAAAAAAAAAAAAAAAAAAAAAAAAAAAAAAAAAAAAAAAAAAAAAAAAAAAAAAAAAAAAAAAAAAAAAAAAAAAAAAAAAAAAAAAAAAAAAAAAAAAAAAAAAAAAAAAAAAAAAAA
m54313U_200903_184952/19137029/ccs,93,TTATTTTTTTTTATTTAAAAAAAAAAAAAAAAAAAAAAAAAAAAAAAAAAAAAAAAAAAAAAAAAAAAAAAAAAAAAAAAAAAAAAAAAAAAA
m54313U_200903_184952/19269061/ccs,67,TTTTTTTTTTTTTTTTTTAAAAAAAAAAAAAAAAAAAAAAAAAAAAAAAAAAAAAAAAAAAAAAAAA
m54313U_200903_184952/19924121/ccs,68,TTTTTTTTTTTTTTAATTAATTTAAAAAAAAAAAAAAAAAAAAAAAAAAAAAAAAAATAAAAAAAAAA
m54313U_200903_184952/20777309/ccs,91,AAAAAAAAAAAAAAAAAAAAAAAAAAAAAAAAAAAAAAAAAAAAAAAAAAAAAAAAAAAAAAAAAAAAAAAAAAAAAAAAAAAAAAAAAAA
m54313U_200903_184952/20974018/ccs,40,TTTTTTTTTTTTATTAAAAATAAAAAAAAAAAAAAAAAAA
m54313U_200903_184952/20974129/ccs,73,AAAAAAAAAAAAAAAAAAAAAAAAAAAAAAAAAAAAAAAAAAAAAAAAAAAAAAAAAAAAAAAAAAAAAAAAA
m54313U_200903_184952/21102862/ccs,128,TTTTAAAAAAAAAAAATATAAAGAAAAAAAATGAAAAAAAAAAAAAAAAAAAAAAAAAAAAAAAAAAAAAAAAAAAAAAAAAAAAAAAAAAAAAAAAAAAAAAAAAAAAAAAAAAAAAAAAAAAAAAA
m54313U_200903_184952/21102986/ccs,93,TTATTTTTATTTTTTTTTTTTATTAAAAAAAAAAAAAAAAAAAAAAAAAAAAAAAAAAAAAAAAAAAAAAAAAAAAAAAAAAAAAAAAAAAAA
m54313U_200903_184952/21561536/ccs,63,TTTTATATTTTTAAAAAAATAAAAAAAAAAAAAAAAAAAAAAAAAAAAAAAAAAAAAAAAAAA
m54313U_200903_184952/22152238/ccs,216,AAAAAAAACAAAAAAAAAAAAAAAAAAAAAAAAAAAAAAAAAAAAAAAAAAAAAAAAAAAAAAAAAAAAAAAAAAAAAAAAAAAAAAAAAAAAAAAAAAAAAAAAAAAAAAAAAAAAAAAAAAAAAAAAAAAAAAAAAAAAAAAAAAAAAAAAAAAAAAAAAAAAAAAAAAAAAAAAAAAAAAAAAAAAAAAAAAAAAAAAAAAAAAAAAAAAAAA
m54313U_200903_184952/23594536/ccs,62,TTTTTATTTTTTAAAAATAAAAAAAAAAAAAAAAAAAAAAAAAAAAAAAAAAAAAAAAAAAA
m54313U_200903_184952/23661395/ccs,65,AAAAAAAAAAAAAAAAAAAAAAAAAAAAAAAAAAAAAAAAAAAAAAAAAAAAAAAAAAAAAAAAA
m54313U_200903_184952/24840909/ccs,26,AAAAAAAAAAAAAAAAAAAAAAAAAA
m54313U_200903_184952/25560712/ccs,73,TTTTTTTTTTTTTTTTAATGTTTAAAAAAAAAAAAAAAAAATAAAAAAAAAAAAAAAAAAAAAAAAAAAAAAA
